-- MySQL dump 10.13  Distrib 5.7.23, for Linux (x86_64)
--
-- Host: localhost    Database: harayer7
-- ------------------------------------------------------
-- Server version	5.7.23-0ubuntu0.16.04.1

/*!40101 SET @OLD_CHARACTER_SET_CLIENT=@@CHARACTER_SET_CLIENT */;
/*!40101 SET @OLD_CHARACTER_SET_RESULTS=@@CHARACTER_SET_RESULTS */;
/*!40101 SET @OLD_COLLATION_CONNECTION=@@COLLATION_CONNECTION */;
/*!40101 SET NAMES utf8 */;
/*!40103 SET @OLD_TIME_ZONE=@@TIME_ZONE */;
/*!40103 SET TIME_ZONE='+00:00' */;
/*!40014 SET @OLD_UNIQUE_CHECKS=@@UNIQUE_CHECKS, UNIQUE_CHECKS=0 */;
/*!40014 SET @OLD_FOREIGN_KEY_CHECKS=@@FOREIGN_KEY_CHECKS, FOREIGN_KEY_CHECKS=0 */;
/*!40101 SET @OLD_SQL_MODE=@@SQL_MODE, SQL_MODE='NO_AUTO_VALUE_ON_ZERO' */;
/*!40111 SET @OLD_SQL_NOTES=@@SQL_NOTES, SQL_NOTES=0 */;

--
-- Table structure for table `aboutus`
--

DROP TABLE IF EXISTS `aboutus`;
/*!40101 SET @saved_cs_client     = @@character_set_client */;
/*!40101 SET character_set_client = utf8 */;
CREATE TABLE `aboutus` (
  `id` int(10) unsigned NOT NULL AUTO_INCREMENT,
  `title_ar` varchar(255) COLLATE utf8mb4_unicode_ci NOT NULL,
  `title_en` varchar(255) COLLATE utf8mb4_unicode_ci NOT NULL,
  `content_ar` text COLLATE utf8mb4_unicode_ci NOT NULL,
  `content_en` text COLLATE utf8mb4_unicode_ci NOT NULL,
  `created_at` timestamp NULL DEFAULT NULL,
  `updated_at` timestamp NULL DEFAULT NULL,
  PRIMARY KEY (`id`)
) ENGINE=InnoDB AUTO_INCREMENT=2 DEFAULT CHARSET=utf8mb4 COLLATE=utf8mb4_unicode_ci;
/*!40101 SET character_set_client = @saved_cs_client */;

--
-- Dumping data for table `aboutus`
--

LOCK TABLES `aboutus` WRITE;
/*!40000 ALTER TABLE `aboutus` DISABLE KEYS */;
INSERT INTO `aboutus` VALUES (1,'شركة لمسة حراير','LAMSAT HARAYER CO','<!DOCTYPE html><html><head></head><body>\r\n<p class=\"MsoNormal\" dir=\"RTL\" style=\"text-align: justify;\"><span class=\"fontstyle0\"><strong><span lang=\"AR-SA\" style=\"font-size: 10.5pt; line-height: 115%; font-family: \'GE SS Unique Light\',\'serif\'; mso-ascii-font-family: Lato; mso-hansi-font-family: Lato; color: #626262; border: none windowtext 1.0pt; mso-border-alt: none windowtext 0cm; padding: 0cm; background: white;\">منذ عام 2006 وشركة لمسة حراير للعبايات تزخر باسمها العريق الذي ضم مجموعة من التصاميم الراقية</span></strong></span><span class=\"fontstyle0\"><strong><span lang=\"AR-SA\" style=\"font-size: 10.5pt; line-height: 115%; font-family: \'GE SS Unique Light\',\'serif\'; mso-ascii-font-family: Lato; mso-hansi-font-family: Lato; color: #626262; border: none windowtext 1.0pt; mso-border-alt: none windowtext 0cm; padding: 0cm; background: white;\">للعباءة النسائية المستوحاة من الذوق الشرقي للمرأة العربية عامة والكويتية خاصة. فمن دولة الكويت كانت الانطلاقة، وبالتحديد من منطقة الجهراء، حيث وهج النور الأول لشركة لمسة حراير للعبايات <span style=\"mso-spacerun: yes;\">&nbsp;</span>وامتد شعاعها إلى مختلف الفروع الى مناطق اخرى إضافة إلى منطقة الجهراء كالفروانية والعقيلة والأفنيوز والكويت والفححيل، ومنها إلى العديد من مناطق الكويت لتكون رائدة في هذا المجال وليتردد صدى اسمها في كل الأنحاء</span></strong></span><span class=\"fontstyle0\"><strong><span dir=\"LTR\" style=\"font-size: 10.5pt; line-height: 115%; font-family: \'Lato\',\'serif\'; mso-bidi-font-family: \'GE SS Unique Light\'; color: #626262; border: none windowtext 1.0pt; mso-border-alt: none windowtext 0cm; padding: 0cm; background: white;\">.</span></strong></span><span class=\"fontstyle0\"><strong><span lang=\"AR-SA\" style=\"font-size: 10.5pt; line-height: 115%; font-family: \'GE SS Unique Light\',\'serif\'; mso-ascii-font-family: Lato; mso-hansi-font-family: Lato; color: #626262; border: none windowtext 1.0pt; mso-border-alt: none windowtext 0cm; padding: 0cm; background: white;\">وفي هذا الصدى، نرحب بكم في أضخم ساحة فنية تجمع بين الموديلات الكلاسيكية والتفاصيل الفخمة المطرزة وفق أحدث التقنيات المواكبة لكل جديد في عالم الموضة والأزياء</span></strong></span><span class=\"fontstyle0\"><strong><span dir=\"LTR\" style=\"font-size: 10.5pt; line-height: 115%; font-family: \'Lato\',\'serif\'; mso-bidi-font-family: \'GE SS Unique Light\'; color: #626262; border: none windowtext 1.0pt; mso-border-alt: none windowtext 0cm; padding: 0cm; background: white;\">.</span></strong></span><strong><span dir=\"LTR\" style=\"font-size: 10.5pt; line-height: 115%; font-family: \'Lato\',\'serif\'; mso-bidi-font-family: \'GE SS Unique Light\'; color: #626262; background: white;\"><span style=\"font-variant-ligatures: normal; font-variant-caps: normal; orphans: 2; widows: 2; -webkit-text-stroke-width: 0px; text-decoration-style: initial; text-decoration-color: initial; float: none; word-spacing: 0px;\">&nbsp;</span></span></strong></p>\r\n</body></html>','<!DOCTYPE html><html><head></head><body>\r\n<p>Distinguished since 2006, the majestic name of LAMSAT HARAYER COMPANY showcased acollection of elegant abaya designs, in spired from the arab female eastern fast, and specially the kuwaiti women , frome kuwait it emerged&nbsp; ,specifically aljahra where the company first saw life, and from there it spread to other branches like farwinya ,al ogaila, the avenues ,kuwait city and&nbsp;Fahaheel, and many other kuwaiti areas , until it was recognized as a pioneer in the filed and gained aword -wide reputation . And in this regard , we would like to welcome you to the largest artistic place combining classic designs and luxurious embroidered details using the most advanced technologies to keep up with the latest fashion trends.</p>\r\n</body></html>','2018-08-20 01:34:30','2018-10-11 15:39:28');
/*!40000 ALTER TABLE `aboutus` ENABLE KEYS */;
UNLOCK TABLES;

--
-- Table structure for table `branches`
--

DROP TABLE IF EXISTS `branches`;
/*!40101 SET @saved_cs_client     = @@character_set_client */;
/*!40101 SET character_set_client = utf8 */;
CREATE TABLE `branches` (
  `id` int(10) unsigned NOT NULL AUTO_INCREMENT,
  `name_ar` varchar(255) COLLATE utf8mb4_unicode_ci DEFAULT NULL,
  `name_en` varchar(255) COLLATE utf8mb4_unicode_ci DEFAULT NULL,
  `address_ar` varchar(255) COLLATE utf8mb4_unicode_ci DEFAULT NULL,
  `address_en` varchar(255) COLLATE utf8mb4_unicode_ci DEFAULT NULL,
  `phone` varchar(255) COLLATE utf8mb4_unicode_ci DEFAULT NULL,
  `active` tinyint(1) NOT NULL DEFAULT '1',
  `country_id` int(10) unsigned DEFAULT NULL,
  `created_at` timestamp NULL DEFAULT NULL,
  `updated_at` timestamp NULL DEFAULT NULL,
  PRIMARY KEY (`id`),
  KEY `branches_country_id_index` (`country_id`),
  CONSTRAINT `branches_country_id_foreign` FOREIGN KEY (`country_id`) REFERENCES `countries` (`id`) ON UPDATE CASCADE
) ENGINE=InnoDB AUTO_INCREMENT=9 DEFAULT CHARSET=utf8mb4 COLLATE=utf8mb4_unicode_ci;
/*!40101 SET character_set_client = @saved_cs_client */;

--
-- Dumping data for table `branches`
--

LOCK TABLES `branches` WRITE;
/*!40000 ALTER TABLE `branches` DISABLE KEYS */;
INSERT INTO `branches` VALUES (1,'الافنيوز-السوق التراثى','AVENUSE - ALSOUK','الراى-مجمع الافنيوز -السوق التراثى','ALRAI-THE AVENUSE -ALSOUK','96967701',1,3,'2018-08-20 01:34:29','2018-09-23 12:16:46'),(2,'البيرق','AL BAYRAQ','العقيلة -مجمع البيرق - السرداب','Al-Aqeelah - Al-Bayraq Complex - Al-Sardab (B)','96967702',1,1,'2018-08-20 01:34:29','2018-09-23 12:21:02'),(3,'المغاتير','AL MAGATER','الفروانية - مجمع المغاتير -ميزانين','Al Farwaniya - Al MAGATER Complex - Mizanin','96967703',1,NULL,'2018-09-23 12:24:18','2018-09-23 12:24:18'),(4,'اوتاد الجهراء','AWTAD AL Jahra','الجهراء - مجمع اوتاد -الدور الاول','Al-Jahra - Awtad Complex - First Floor','96967704',1,NULL,'2018-09-23 12:27:29','2018-09-23 12:27:29'),(5,'الجيت','THE GATE','العقيله-الحيت مول -ميزانين','AL Aqeelah-THE GATE MOLL-Mizanin','96967705',1,NULL,'2018-09-23 12:31:54','2018-09-23 12:31:54'),(6,'سوق شرق','Souq Sharq','الكويت -سوق شرق -الدور الارضى','Kuwait - SOUQ SHARQ - Ground Floor','96967706',1,NULL,'2018-09-23 12:36:45','2018-09-23 12:36:45'),(7,'الافنيوز-فيس2','Avenues-PHASE 2','الراى-مجمع الافنيوز -الفيس 2','ALRAI-THE AVENUSE -PHASE 2','96967708',1,NULL,'2018-09-23 12:45:28','2018-09-23 12:45:28'),(8,'مجمع 89','89 COMPLEX','العقيلة -مجمع 89-الدور الاول','AL Aqeelah - 89COMPLEX- first floor','96967709',1,NULL,'2018-09-23 12:50:24','2018-09-23 12:50:24');
/*!40000 ALTER TABLE `branches` ENABLE KEYS */;
UNLOCK TABLES;

--
-- Table structure for table `categories`
--

DROP TABLE IF EXISTS `categories`;
/*!40101 SET @saved_cs_client     = @@character_set_client */;
/*!40101 SET character_set_client = utf8 */;
CREATE TABLE `categories` (
  `id` int(10) unsigned NOT NULL AUTO_INCREMENT,
  `parent_id` int(10) unsigned NOT NULL DEFAULT '0',
  `name_ar` varchar(255) COLLATE utf8mb4_unicode_ci NOT NULL,
  `name_en` varchar(255) COLLATE utf8mb4_unicode_ci NOT NULL,
  `description_en` mediumtext COLLATE utf8mb4_unicode_ci,
  `description_ar` mediumtext COLLATE utf8mb4_unicode_ci,
  `image` varchar(255) COLLATE utf8mb4_unicode_ci DEFAULT NULL,
  `limited` tinyint(1) NOT NULL DEFAULT '0',
  `order` int(11) DEFAULT NULL,
  `is_home` tinyint(1) NOT NULL DEFAULT '0',
  `active` tinyint(1) NOT NULL DEFAULT '1',
  `deleted_at` timestamp NULL DEFAULT NULL,
  `created_at` timestamp NULL DEFAULT NULL,
  `updated_at` timestamp NULL DEFAULT NULL,
  PRIMARY KEY (`id`),
  KEY `categories_parent_id_index` (`parent_id`)
) ENGINE=InnoDB AUTO_INCREMENT=20 DEFAULT CHARSET=utf8mb4 COLLATE=utf8mb4_unicode_ci;
/*!40101 SET character_set_client = @saved_cs_client */;

--
-- Dumping data for table `categories`
--

LOCK TABLES `categories` WRITE;
/*!40000 ALTER TABLE `categories` DISABLE KEYS */;
INSERT INTO `categories` VALUES (1,0,'Rashad Heller','Dana Gutkowski','Repellat reiciendis nemo fuga doloremque sed aut fugiat sed. Magni maxime minima est.','Nesciunt autem et provident quibusdam velit cum adipisci.','6.jpg',0,11,1,1,'2018-08-25 12:27:24','2018-08-20 01:34:28','2018-08-25 12:27:24'),(2,0,'Rey Kutch','Mr. Cristobal Emard','Modi laudantium repellat voluptates est. Ut dicta et nesciunt esse deleniti.','Non ipsa reiciendis blanditiis assumenda assumenda optio. Corporis laborum sit rerum aliquam necessitatibus non assumenda odio.','5.jpg',1,87,0,1,'2018-08-25 12:27:30','2018-08-20 01:34:28','2018-08-25 12:27:30'),(3,1,'Santa Ritchie','Dr. Sheila Hintz PhD','Vero corporis in ut tenetur. Similique ut labore omnis magni ea quasi.','Accusamus nobis vero labore vero aut.','2.jpg',0,89,0,1,NULL,'2018-08-20 01:34:28','2018-08-20 01:34:28'),(4,1,'Hal Runte','Addie Barton MD','Quia sapiente et vero itaque id perferendis. Temporibus quibusdam eveniet autem.','Aut minus enim ipsum nihil nesciunt. Eos molestias nisi explicabo quae.','5.jpg',1,48,0,1,NULL,'2018-08-20 01:34:28','2018-08-20 01:34:28'),(5,3,'Dr. Ellsworth Reinger MD','Ashlee Gulgowski DDS','Deleniti pariatur itaque non beatae deserunt hic.','Impedit iure totam eos. Et voluptatibus quis maiores a autem minus molestiae.','6.jpg',1,41,0,1,NULL,'2018-08-20 01:34:29','2018-08-20 01:34:29'),(6,3,'Lempi Olson Sr.','Merritt Reichert','Fugiat quia hic temporibus distinctio consequatur consequuntur at.','Enim est quo sequi fuga et non omnis. Laborum facere quidem numquam culpa.','6.jpg',0,58,0,1,NULL,'2018-08-20 01:34:29','2018-08-20 01:34:29'),(7,4,'Joana Paucek','Armani Oberbrunner','Accusamus numquam et sed deleniti.','Voluptas numquam et sit molestiae odio. Ad nihil dolor omnis eum enim labore.','8.jpg',1,42,1,1,NULL,'2018-08-20 01:34:29','2018-08-20 01:34:29'),(8,4,'Juanita Hirthe','Miss Christy Connelly','Sunt reiciendis nisi dolore accusantium sed.','Perspiciatis error maxime fugiat est voluptatem laborum animi.','4.jpg',0,29,1,1,NULL,'2018-08-20 01:34:29','2018-08-20 01:34:29'),(9,2,'Ms. Jewel Larson Jr.','Marilou Schaefer','Similique commodi exercitationem et laudantium sed ut. In eius repellat id enim modi est.','Non architecto repellat illum est voluptatibus. Saepe a in temporibus exercitationem.','9.jpg',0,73,0,1,NULL,'2018-08-20 01:34:29','2018-08-20 01:34:29'),(10,2,'Wanda Reinger','Michel Collins','Minus qui molestiae sed magni veniam magni. Voluptatem maxime dolorem velit enim ut.','Qui sit rerum amet voluptate.','10.jpg',1,40,0,1,NULL,'2018-08-20 01:34:29','2018-08-20 01:34:29'),(11,9,'Mrs. Tania Leffler Jr.','Sandrine Lesch','Et sit ipsum est in et beatae non earum.','Veniam provident esse quia quasi ad dolorem.','7.jpg',0,76,1,1,NULL,'2018-08-20 01:34:29','2018-08-20 01:34:29'),(12,9,'Bruce Bosco','Prof. Matilde Hill III','Voluptas non voluptatem fuga laboriosam qui non. Voluptas aliquam doloribus quia et.','Dolor dignissimos totam sunt ut possimus reprehenderit perspiciatis.','2.jpg',1,40,0,1,NULL,'2018-08-20 01:34:29','2018-08-20 01:34:29'),(13,10,'Elaina Murphy','Mason Boyle','Sed earum rerum itaque earum unde.','Vitae enim illum quos quisquam optio atque odio qui. Et voluptatum aspernatur blanditiis ratione corrupti.','5.jpg',1,80,0,1,NULL,'2018-08-20 01:34:29','2018-08-20 01:34:29'),(14,10,'Zoey Leffler','Dr. Maribel Blanda','Rerum quod enim ut molestiae fuga.','Architecto incidunt ut delectus ex quo rerum nobis. Et beatae et autem earum nihil.','5.jpg',0,66,1,1,NULL,'2018-08-20 01:34:29','2018-08-20 01:34:29'),(15,0,'عبايات','abaya',NULL,NULL,'oYcq8HlQYj4vrJ81hKwXtya34vBXBNqjK1dP4Dts.jpeg',0,1,1,1,NULL,'2018-08-27 14:32:10','2018-09-19 12:32:41'),(16,15,'عبايات ناعم','SIMPLE ABAYE',NULL,NULL,'46kgMA1qdmcbFFZjew7aTWQVAXEzG8ZTyIZN837q.jpeg',0,NULL,1,1,NULL,'2018-09-02 08:57:35','2018-09-19 12:31:42'),(17,15,'عبايات عصرية','MODERN ABAYA',NULL,NULL,'zcZy4tSONN48iTVk8CmFeniHbJDl04TebMLZgTfe.jpeg',0,NULL,1,1,NULL,'2018-09-02 09:07:09','2018-09-19 12:32:03'),(18,15,'عبايات مناسبات','occasions Abaya',NULL,NULL,'EPB3D2FDUXTuwwjj3ALV9W0Ho4VFT9EntCWPFo34.jpeg',0,0,1,1,NULL,'2018-09-06 08:26:59','2018-09-19 12:32:12'),(19,15,'عبايات ملونة','colored abaya',NULL,NULL,'y4AASC8FCZNOG8ECsGTJUPlfZ0Af7ICIU2ee6lpD.jpeg',0,NULL,1,1,NULL,'2018-09-10 14:56:14','2018-09-19 12:32:23');
/*!40000 ALTER TABLE `categories` ENABLE KEYS */;
UNLOCK TABLES;

--
-- Table structure for table `category_product`
--

DROP TABLE IF EXISTS `category_product`;
/*!40101 SET @saved_cs_client     = @@character_set_client */;
/*!40101 SET character_set_client = utf8 */;
CREATE TABLE `category_product` (
  `category_id` int(10) unsigned NOT NULL,
  `product_id` int(10) unsigned NOT NULL,
  PRIMARY KEY (`category_id`,`product_id`),
  KEY `category_product_category_id_index` (`category_id`),
  KEY `category_product_product_id_index` (`product_id`),
  CONSTRAINT `category_product_category_id_foreign` FOREIGN KEY (`category_id`) REFERENCES `categories` (`id`) ON DELETE CASCADE,
  CONSTRAINT `category_product_product_id_foreign` FOREIGN KEY (`product_id`) REFERENCES `products` (`id`) ON DELETE CASCADE
) ENGINE=InnoDB DEFAULT CHARSET=utf8mb4 COLLATE=utf8mb4_unicode_ci;
/*!40101 SET character_set_client = @saved_cs_client */;

--
-- Dumping data for table `category_product`
--

LOCK TABLES `category_product` WRITE;
/*!40000 ALTER TABLE `category_product` DISABLE KEYS */;
INSERT INTO `category_product` VALUES (8,1),(9,1),(14,1),(15,3),(15,4),(15,5),(15,96),(16,7),(16,48),(16,57),(16,64),(16,92),(16,97),(17,6),(17,10),(17,11),(17,12),(17,13),(17,15),(17,16),(17,17),(17,18),(17,19),(17,20),(17,23),(17,24),(17,25),(17,26),(17,29),(17,30),(17,31),(17,32),(17,34),(17,35),(17,36),(17,37),(17,38),(17,39),(17,40),(17,41),(17,42),(17,45),(17,46),(17,47),(17,49),(17,51),(17,53),(17,54),(17,55),(17,56),(17,59),(17,60),(17,61),(17,62),(17,63),(17,65),(17,66),(17,67),(17,68),(17,69),(17,71),(17,72),(17,73),(17,74),(17,75),(17,76),(17,77),(17,79),(17,80),(17,81),(17,82),(17,83),(17,85),(17,86),(17,87),(17,88),(17,89),(17,90),(17,91),(17,93),(17,94),(17,95),(17,96),(18,8),(18,9),(18,14),(18,27),(18,28),(18,33),(18,43),(18,44),(18,50),(18,52),(18,58),(18,70),(19,21),(19,22),(19,78),(19,84);
/*!40000 ALTER TABLE `category_product` ENABLE KEYS */;
UNLOCK TABLES;

--
-- Table structure for table `colors`
--

DROP TABLE IF EXISTS `colors`;
/*!40101 SET @saved_cs_client     = @@character_set_client */;
/*!40101 SET character_set_client = utf8 */;
CREATE TABLE `colors` (
  `id` int(10) unsigned NOT NULL AUTO_INCREMENT,
  `name_ar` varchar(255) COLLATE utf8mb4_unicode_ci NOT NULL,
  `name_en` varchar(255) COLLATE utf8mb4_unicode_ci NOT NULL,
  `code` varchar(255) COLLATE utf8mb4_unicode_ci NOT NULL,
  `active` tinyint(1) NOT NULL DEFAULT '1',
  `created_at` timestamp NULL DEFAULT NULL,
  `updated_at` timestamp NULL DEFAULT NULL,
  `deleted_at` timestamp NULL DEFAULT NULL,
  PRIMARY KEY (`id`)
) ENGINE=InnoDB AUTO_INCREMENT=9 DEFAULT CHARSET=utf8mb4 COLLATE=utf8mb4_unicode_ci;
/*!40101 SET character_set_client = @saved_cs_client */;

--
-- Dumping data for table `colors`
--

LOCK TABLES `colors` WRITE;
/*!40000 ALTER TABLE `colors` DISABLE KEYS */;
INSERT INTO `colors` VALUES (1,'اسود','BLACK','#0a0a0a',1,'2018-08-20 01:34:29','2018-09-02 08:51:28',NULL),(2,'برتقالى','orange','#e86e1c',1,'2018-08-20 01:34:29','2018-09-02 08:53:02',NULL),(3,'احمر','red','#f20c0c',1,'2018-08-20 01:34:29','2018-09-05 17:30:27',NULL),(4,'رمادي','gray','#b5a8a8',1,'2018-09-06 07:28:26','2018-09-06 07:47:41',NULL),(5,'ذهبى','gold','#f2e748',1,'2018-09-10 11:23:51','2018-09-10 11:23:51',NULL),(6,'فضى','silver','#dbd7c5',1,'2018-09-10 11:24:37','2018-09-10 11:24:37',NULL),(7,'ابيض','WHITE','#ffffff',1,'2018-09-10 11:35:36','2018-09-10 11:35:36',NULL),(8,'بيج','beige','#d4cfa5',1,'2018-09-10 14:54:54','2018-09-10 14:54:54',NULL);
/*!40000 ALTER TABLE `colors` ENABLE KEYS */;
UNLOCK TABLES;

--
-- Table structure for table `contactus`
--

DROP TABLE IF EXISTS `contactus`;
/*!40101 SET @saved_cs_client     = @@character_set_client */;
/*!40101 SET character_set_client = utf8 */;
CREATE TABLE `contactus` (
  `id` int(10) unsigned NOT NULL AUTO_INCREMENT,
  `company_ar` varchar(255) COLLATE utf8mb4_unicode_ci DEFAULT NULL,
  `company_en` varchar(255) COLLATE utf8mb4_unicode_ci DEFAULT NULL,
  `address_ar` varchar(255) COLLATE utf8mb4_unicode_ci DEFAULT NULL,
  `address_en` varchar(255) COLLATE utf8mb4_unicode_ci DEFAULT NULL,
  `mobile` varchar(255) COLLATE utf8mb4_unicode_ci DEFAULT NULL,
  `phone` varchar(255) COLLATE utf8mb4_unicode_ci DEFAULT NULL,
  `country_ar` varchar(255) COLLATE utf8mb4_unicode_ci DEFAULT NULL,
  `country_en` varchar(255) COLLATE utf8mb4_unicode_ci DEFAULT NULL,
  `zipcode` int(11) DEFAULT NULL,
  `email` varchar(255) COLLATE utf8mb4_unicode_ci DEFAULT NULL,
  `youtube` varchar(255) COLLATE utf8mb4_unicode_ci DEFAULT NULL,
  `instagram` varchar(255) COLLATE utf8mb4_unicode_ci DEFAULT NULL,
  `twitter` varchar(255) COLLATE utf8mb4_unicode_ci DEFAULT NULL,
  `logo` varchar(255) COLLATE utf8mb4_unicode_ci DEFAULT NULL,
  `created_at` timestamp NULL DEFAULT NULL,
  `updated_at` timestamp NULL DEFAULT NULL,
  PRIMARY KEY (`id`)
) ENGINE=InnoDB AUTO_INCREMENT=2 DEFAULT CHARSET=utf8mb4 COLLATE=utf8mb4_unicode_ci;
/*!40101 SET character_set_client = @saved_cs_client */;

--
-- Dumping data for table `contactus`
--

LOCK TABLES `contactus` WRITE;
/*!40000 ALTER TABLE `contactus` DISABLE KEYS */;
INSERT INTO `contactus` VALUES (1,'Sydnie Gutmann','Jamison King','Prof. Sherman Welch','Ariane Mertz','170294168','84112726','Spain','Jersey',9,'hnicolas@mccullough.org','http://www.jaskolski.org/','http://www.schmitt.com/quis-blanditiis-nam-sequi-inventore.html','Ms. Ciara Herman II','2.jpeg','2018-05-14 15:41:25','2018-05-14 15:41:25');
/*!40000 ALTER TABLE `contactus` ENABLE KEYS */;
UNLOCK TABLES;

--
-- Table structure for table `countries`
--

DROP TABLE IF EXISTS `countries`;
/*!40101 SET @saved_cs_client     = @@character_set_client */;
/*!40101 SET character_set_client = utf8 */;
CREATE TABLE `countries` (
  `id` int(10) unsigned NOT NULL AUTO_INCREMENT,
  `name_ar` varchar(255) COLLATE utf8mb4_unicode_ci DEFAULT NULL,
  `name_en` varchar(255) COLLATE utf8mb4_unicode_ci DEFAULT NULL,
  `calling_code` varchar(255) COLLATE utf8mb4_unicode_ci DEFAULT NULL,
  `country_code` varchar(255) COLLATE utf8mb4_unicode_ci DEFAULT NULL,
  `flag` varchar(255) COLLATE utf8mb4_unicode_ci DEFAULT NULL,
  `order` int(11) DEFAULT NULL,
  `active` tinyint(1) NOT NULL DEFAULT '1',
  `created_at` timestamp NULL DEFAULT NULL,
  `updated_at` timestamp NULL DEFAULT NULL,
  PRIMARY KEY (`id`)
) ENGINE=InnoDB AUTO_INCREMENT=9 DEFAULT CHARSET=utf8mb4 COLLATE=utf8mb4_unicode_ci;
/*!40101 SET character_set_client = @saved_cs_client */;

--
-- Dumping data for table `countries`
--

LOCK TABLES `countries` WRITE;
/*!40000 ALTER TABLE `countries` DISABLE KEYS */;
INSERT INTO `countries` VALUES (1,'kuwait','kuwait','00965','KW','5IPBZa5LeO55J0aixIC0PUXx8HFdVb9A3sDl0QqC.jpeg',4,1,'2018-08-20 01:34:28','2018-09-19 12:46:09'),(2,'السعودية','Saudi Arabia','00966','SAR','MijLfWz40UVebGS1bgT76ZyR65zoMQ4BctL4dth1.jpeg',5,1,'2018-08-20 01:34:28','2018-09-19 12:45:54'),(3,'الإمارات','United Arab Emirates','00971','AED','nsWi0bVEzIFBhrueAdB5uAtZMICzFODCRnIzR6KE.jpeg',4,1,'2018-08-20 01:34:28','2018-09-19 12:45:37'),(4,'قطر','Qatar','00974','QAR','f52exVaoCJY0UEFkDGfKp0XZnle00yA73yKDOm0U.jpeg',10,1,'2018-09-17 15:27:31','2018-09-19 12:46:29'),(5,'مصر','EGYPT','002','EGY','EfH3hzkvvPO1hZLvLrQeTwwqZdxhSrA36PZKPWYz.jpeg',10,1,'2018-09-17 15:29:22','2018-09-19 12:46:56'),(6,'البحرين','BAHRAIN','00973','BHD','XsDUQPVd4QpghmrgxCSymUqDf8rFp9SGsXd8HiYs.jpeg',10,1,'2018-09-17 15:32:46','2018-09-19 12:47:10'),(7,'عمان','OMAN','00968','OMN','loDvNWZuX7G62MoTpFhheZ7Sor5YmEXyurc9ADQ1.jpeg',10,1,'2018-09-19 12:49:37','2018-09-19 12:49:37'),(8,'دول أخري','Other country','00','other','3eIdf7wrKtd5ERSwVywktqSIdiuAf9AvJX68S2AQ.jpeg',10,1,'2018-09-19 12:52:42','2018-10-12 23:05:22');
/*!40000 ALTER TABLE `countries` ENABLE KEYS */;
UNLOCK TABLES;

--
-- Table structure for table `coupons`
--

DROP TABLE IF EXISTS `coupons`;
/*!40101 SET @saved_cs_client     = @@character_set_client */;
/*!40101 SET character_set_client = utf8 */;
CREATE TABLE `coupons` (
  `id` int(10) unsigned NOT NULL AUTO_INCREMENT,
  `value` int(10) unsigned NOT NULL,
  `is_percentage` tinyint(1) NOT NULL DEFAULT '0',
  `active` tinyint(1) NOT NULL DEFAULT '0',
  `consumed` tinyint(1) NOT NULL DEFAULT '0',
  `code` varchar(255) COLLATE utf8mb4_unicode_ci NOT NULL,
  `minimum_charge` int(11) DEFAULT NULL,
  `user_id` int(10) unsigned NOT NULL,
  `due_date` timestamp NULL DEFAULT NULL,
  `created_at` timestamp NULL DEFAULT NULL,
  `updated_at` timestamp NULL DEFAULT NULL,
  PRIMARY KEY (`id`),
  KEY `coupons_user_id_index` (`user_id`),
  CONSTRAINT `coupons_user_id_foreign` FOREIGN KEY (`user_id`) REFERENCES `users` (`id`)
) ENGINE=InnoDB AUTO_INCREMENT=3 DEFAULT CHARSET=utf8mb4 COLLATE=utf8mb4_unicode_ci;
/*!40101 SET character_set_client = @saved_cs_client */;

--
-- Dumping data for table `coupons`
--

LOCK TABLES `coupons` WRITE;
/*!40000 ALTER TABLE `coupons` DISABLE KEYS */;
INSERT INTO `coupons` VALUES (1,5,1,1,1,'8305692411',1,2,'2018-12-31 17:27:33','2018-08-20 01:34:29','2018-08-20 01:34:29'),(2,3,0,1,0,'40189589050',0,3,'2019-04-22 04:40:14','2018-08-20 01:34:29','2018-08-25 12:13:31');
/*!40000 ALTER TABLE `coupons` ENABLE KEYS */;
UNLOCK TABLES;

--
-- Table structure for table `currencies`
--

DROP TABLE IF EXISTS `currencies`;
/*!40101 SET @saved_cs_client     = @@character_set_client */;
/*!40101 SET character_set_client = utf8 */;
CREATE TABLE `currencies` (
  `id` int(10) unsigned NOT NULL AUTO_INCREMENT,
  `name_ar` varchar(255) COLLATE utf8mb4_unicode_ci NOT NULL,
  `name_en` varchar(255) COLLATE utf8mb4_unicode_ci NOT NULL,
  `currency_symbol_ar` varchar(25) COLLATE utf8mb4_unicode_ci NOT NULL,
  `currency_symbol_en` varchar(25) COLLATE utf8mb4_unicode_ci NOT NULL,
  `exchange_rate` double(6,2) unsigned NOT NULL,
  `active` tinyint(1) NOT NULL DEFAULT '1',
  `country_id` int(10) unsigned NOT NULL,
  `remember_token` varchar(100) COLLATE utf8mb4_unicode_ci DEFAULT NULL,
  `created_at` timestamp NULL DEFAULT NULL,
  `updated_at` timestamp NULL DEFAULT NULL,
  PRIMARY KEY (`id`),
  KEY `currencies_country_id_foreign` (`country_id`),
  CONSTRAINT `currencies_country_id_foreign` FOREIGN KEY (`country_id`) REFERENCES `countries` (`id`) ON DELETE CASCADE
) ENGINE=InnoDB AUTO_INCREMENT=9 DEFAULT CHARSET=utf8mb4 COLLATE=utf8mb4_unicode_ci;
/*!40101 SET character_set_client = @saved_cs_client */;

--
-- Dumping data for table `currencies`
--

LOCK TABLES `currencies` WRITE;
/*!40000 ALTER TABLE `currencies` DISABLE KEYS */;
INSERT INTO `currencies` VALUES (1,'دينار كويتي','Kuwait Dinar','د.ك','KWD',1.00,1,1,NULL,'2018-08-20 01:34:28','2018-08-20 01:34:28'),(2,'ريال سعودي','Ryal Saudi','ر.س','SR',12.50,1,2,NULL,'2018-08-20 01:34:28','2018-09-24 07:52:06'),(3,'درهم إماراتي','Dyrham Emarite','د.إ','AED',12.50,1,3,NULL,'2018-08-20 01:34:28','2018-09-24 07:55:09'),(4,'ريال قطرى','QATAR RIYAL','ر.ق','QAR',12.25,1,4,NULL,'2018-09-23 12:05:25','2018-09-24 07:54:44'),(5,'دولار','DOLLAR','$','$',3.50,1,8,NULL,'2018-09-23 12:06:57','2018-09-24 07:54:20'),(6,'ريال عمانى','OMANI RIAL','ر.ع','OMR',1.50,1,7,NULL,'2018-09-23 12:09:35','2018-09-24 07:54:01'),(7,'جنية مصرى','EGYPTIAN POUND','ج.م','EGP',59.50,1,5,NULL,'2018-09-23 12:11:06','2018-09-24 07:53:39'),(8,'دينار بحرينى','BAHRAIN DINAR','د.ب','BHD',1.50,1,6,NULL,'2018-09-23 12:13:17','2018-09-24 07:53:18');
/*!40000 ALTER TABLE `currencies` ENABLE KEYS */;
UNLOCK TABLES;

--
-- Table structure for table `faqs`
--

DROP TABLE IF EXISTS `faqs`;
/*!40101 SET @saved_cs_client     = @@character_set_client */;
/*!40101 SET character_set_client = utf8 */;
CREATE TABLE `faqs` (
  `id` int(10) unsigned NOT NULL AUTO_INCREMENT,
  `title_ar` varchar(255) COLLATE utf8mb4_unicode_ci DEFAULT NULL,
  `title_en` varchar(255) COLLATE utf8mb4_unicode_ci DEFAULT NULL,
  `content_ar` text COLLATE utf8mb4_unicode_ci,
  `content_en` text COLLATE utf8mb4_unicode_ci,
  `created_at` timestamp NULL DEFAULT NULL,
  `updated_at` timestamp NULL DEFAULT NULL,
  PRIMARY KEY (`id`)
) ENGINE=InnoDB AUTO_INCREMENT=3 DEFAULT CHARSET=utf8mb4 COLLATE=utf8mb4_unicode_ci;
/*!40101 SET character_set_client = @saved_cs_client */;

--
-- Dumping data for table `faqs`
--

LOCK TABLES `faqs` WRITE;
/*!40000 ALTER TABLE `faqs` DISABLE KEYS */;
INSERT INTO `faqs` VALUES (1,'Prof. Marley Swaniawski','Karson Gutkowski','Aut est qui natus numquam delectus. Voluptatum at in consectetur ut animi. Aut minus in dignissimos. Impedit beatae ducimus aut vel nam voluptatum. Corporis consectetur tempore sed tempora dicta.','Tempore nemo voluptatem et aut officia. Mollitia et quisquam eaque. Ratione adipisci alias modi dolor fugiat eveniet et.','2018-08-20 01:34:29','2018-08-20 01:34:29'),(2,'Crystal Daugherty','Chance Vandervort','Et quia unde quisquam. Molestias est aut quis minima. Reprehenderit quia error et et harum repellendus earum. Et ratione adipisci nobis maiores et eum reprehenderit.','Non asperiores sint temporibus sint. In ut occaecati assumenda beatae recusandae voluptatibus nemo. Est quibusdam exercitationem saepe quis ab. Aperiam sed sunt quasi sunt error velit. Adipisci praesentium et molestias laudantium et quaerat sapiente odio.','2018-08-20 01:34:29','2018-08-20 01:34:29');
/*!40000 ALTER TABLE `faqs` ENABLE KEYS */;
UNLOCK TABLES;

--
-- Table structure for table `favorites`
--

DROP TABLE IF EXISTS `favorites`;
/*!40101 SET @saved_cs_client     = @@character_set_client */;
/*!40101 SET character_set_client = utf8 */;
CREATE TABLE `favorites` (
  `id` int(10) unsigned NOT NULL AUTO_INCREMENT,
  `user_id` int(10) unsigned DEFAULT NULL,
  `product_id` int(10) unsigned DEFAULT NULL,
  `created_at` timestamp NULL DEFAULT NULL,
  `updated_at` timestamp NULL DEFAULT NULL,
  PRIMARY KEY (`id`),
  KEY `favorites_user_id_index` (`user_id`),
  KEY `favorites_product_id_index` (`product_id`),
  CONSTRAINT `favorites_product_id_foreign` FOREIGN KEY (`product_id`) REFERENCES `products` (`id`) ON DELETE CASCADE,
  CONSTRAINT `favorites_user_id_foreign` FOREIGN KEY (`user_id`) REFERENCES `users` (`id`) ON DELETE CASCADE
) ENGINE=InnoDB AUTO_INCREMENT=370 DEFAULT CHARSET=utf8mb4 COLLATE=utf8mb4_unicode_ci;
/*!40101 SET character_set_client = @saved_cs_client */;

--
-- Dumping data for table `favorites`
--

LOCK TABLES `favorites` WRITE;
/*!40000 ALTER TABLE `favorites` DISABLE KEYS */;
INSERT INTO `favorites` VALUES (1,3,1,'2018-08-20 01:34:30','2018-08-20 01:34:30'),(2,3,1,'2018-08-20 01:34:30','2018-08-20 01:34:30'),(3,3,1,'2018-08-20 01:34:30','2018-08-20 01:34:30'),(6,3,1,'2018-08-20 01:34:30','2018-08-20 01:34:30'),(7,3,2,'2018-08-20 01:34:30','2018-08-20 01:34:30'),(9,2,2,'2018-08-20 01:34:30','2018-08-20 01:34:30'),(10,2,2,'2018-08-20 01:34:30','2018-08-20 01:34:30'),(12,2,2,'2018-08-20 01:34:30','2018-08-20 01:34:30'),(15,2,2,'2018-08-20 01:34:30','2018-08-20 01:34:30'),(16,3,2,'2018-08-20 01:34:30','2018-08-20 01:34:30'),(19,2,2,'2018-08-20 01:34:30','2018-08-20 01:34:30'),(20,3,1,'2018-08-20 01:34:30','2018-08-20 01:34:30'),(21,3,1,'2018-08-20 01:34:30','2018-08-20 01:34:30'),(22,2,1,'2018-08-20 01:34:30','2018-08-20 01:34:30'),(23,3,1,'2018-08-20 01:34:30','2018-08-20 01:34:30'),(25,3,2,'2018-08-20 01:34:30','2018-08-20 01:34:30'),(27,3,2,'2018-08-20 01:34:30','2018-08-20 01:34:30'),(29,3,1,'2018-08-20 01:34:30','2018-08-20 01:34:30'),(30,2,2,'2018-08-20 01:34:30','2018-08-20 01:34:30'),(31,3,2,'2018-08-20 01:34:30','2018-08-20 01:34:30'),(33,2,1,'2018-08-20 01:34:30','2018-08-20 01:34:30'),(34,2,2,'2018-08-20 01:34:30','2018-08-20 01:34:30'),(35,3,2,'2018-08-20 01:34:30','2018-08-20 01:34:30'),(36,2,1,'2018-08-20 01:34:30','2018-08-20 01:34:30'),(37,2,1,'2018-08-20 01:34:30','2018-08-20 01:34:30'),(38,2,2,'2018-08-20 01:34:30','2018-08-20 01:34:30'),(39,2,1,'2018-08-20 01:34:30','2018-08-20 01:34:30'),(40,2,2,'2018-08-20 01:34:30','2018-08-20 01:34:30'),(42,3,2,'2018-08-20 01:34:30','2018-08-20 01:34:30'),(43,2,1,'2018-08-20 01:34:30','2018-08-20 01:34:30'),(44,2,1,'2018-08-20 01:34:30','2018-08-20 01:34:30'),(46,2,1,'2018-08-20 01:34:30','2018-08-20 01:34:30'),(50,2,1,'2018-08-20 01:34:30','2018-08-20 01:34:30'),(53,2,1,'2018-08-20 01:34:30','2018-08-20 01:34:30'),(54,2,2,'2018-08-20 01:34:30','2018-08-20 01:34:30'),(58,3,2,'2018-08-20 01:34:30','2018-08-20 01:34:30'),(59,3,2,'2018-08-20 01:34:30','2018-08-20 01:34:30'),(60,2,2,'2018-08-20 01:34:30','2018-08-20 01:34:30'),(61,3,1,'2018-08-20 01:34:30','2018-08-20 01:34:30'),(62,2,2,'2018-08-20 01:34:30','2018-08-20 01:34:30'),(63,3,1,'2018-08-20 01:34:30','2018-08-20 01:34:30'),(65,3,2,'2018-08-20 01:34:30','2018-08-20 01:34:30'),(66,2,2,'2018-08-20 01:34:30','2018-08-20 01:34:30'),(67,3,2,'2018-08-20 01:34:30','2018-08-20 01:34:30'),(68,2,1,'2018-08-20 01:34:30','2018-08-20 01:34:30'),(69,3,1,'2018-08-20 01:34:30','2018-08-20 01:34:30'),(71,3,2,'2018-08-20 01:34:30','2018-08-20 01:34:30'),(72,3,1,'2018-08-20 01:34:30','2018-08-20 01:34:30'),(76,3,2,'2018-08-20 01:34:30','2018-08-20 01:34:30'),(77,3,1,'2018-08-20 01:34:30','2018-08-20 01:34:30'),(78,3,2,'2018-08-20 01:34:30','2018-08-20 01:34:30'),(81,2,2,'2018-08-20 01:34:30','2018-08-20 01:34:30'),(83,2,1,'2018-08-20 01:34:30','2018-08-20 01:34:30'),(84,2,2,'2018-08-20 01:34:30','2018-08-20 01:34:30'),(87,2,2,'2018-08-20 01:34:30','2018-08-20 01:34:30'),(88,3,2,'2018-08-20 01:34:30','2018-08-20 01:34:30'),(89,3,2,'2018-08-20 01:34:30','2018-08-20 01:34:30'),(90,2,1,'2018-08-20 01:34:30','2018-08-20 01:34:30'),(91,2,2,'2018-08-20 01:34:30','2018-08-20 01:34:30'),(92,2,1,'2018-08-20 01:34:30','2018-08-20 01:34:30'),(93,2,2,'2018-08-20 01:34:30','2018-08-20 01:34:30'),(94,2,1,'2018-08-20 01:34:30','2018-08-20 01:34:30'),(96,3,1,'2018-08-20 01:34:30','2018-08-20 01:34:30'),(97,2,2,'2018-08-20 01:34:30','2018-08-20 01:34:30'),(98,2,1,'2018-08-20 01:34:30','2018-08-20 01:34:30'),(99,2,2,'2018-08-20 01:34:30','2018-08-20 01:34:30'),(101,3,2,'2018-08-20 01:34:30','2018-08-20 01:34:30'),(103,2,2,'2018-08-20 01:34:30','2018-08-20 01:34:30'),(104,3,1,'2018-08-20 01:34:30','2018-08-20 01:34:30'),(106,3,2,'2018-08-20 01:34:30','2018-08-20 01:34:30'),(107,3,1,'2018-08-20 01:34:30','2018-08-20 01:34:30'),(110,2,1,'2018-08-20 01:34:30','2018-08-20 01:34:30'),(112,3,2,'2018-08-20 01:34:30','2018-08-20 01:34:30'),(113,3,1,'2018-08-20 01:34:30','2018-08-20 01:34:30'),(114,3,1,'2018-08-20 01:34:30','2018-08-20 01:34:30'),(115,2,2,'2018-08-20 01:34:30','2018-08-20 01:34:30'),(116,3,2,'2018-08-20 01:34:30','2018-08-20 01:34:30'),(118,3,2,'2018-08-20 01:34:30','2018-08-20 01:34:30'),(119,2,1,'2018-08-20 01:34:30','2018-08-20 01:34:30'),(120,3,1,'2018-08-20 01:34:30','2018-08-20 01:34:30'),(123,3,1,'2018-08-20 01:34:30','2018-08-20 01:34:30'),(124,2,2,'2018-08-20 01:34:30','2018-08-20 01:34:30'),(125,2,2,'2018-08-20 01:34:30','2018-08-20 01:34:30'),(126,2,1,'2018-08-20 01:34:30','2018-08-20 01:34:30'),(128,2,2,'2018-08-20 01:34:30','2018-08-20 01:34:30'),(129,3,1,'2018-08-20 01:34:30','2018-08-20 01:34:30'),(131,2,2,'2018-08-20 01:34:30','2018-08-20 01:34:30'),(132,2,2,'2018-08-20 01:34:30','2018-08-20 01:34:30'),(135,3,1,'2018-08-20 01:34:30','2018-08-20 01:34:30'),(136,3,2,'2018-08-20 01:34:30','2018-08-20 01:34:30'),(137,3,1,'2018-08-20 01:34:30','2018-08-20 01:34:30'),(138,2,2,'2018-08-20 01:34:30','2018-08-20 01:34:30'),(139,2,2,'2018-08-20 01:34:30','2018-08-20 01:34:30'),(141,2,1,'2018-08-20 01:34:30','2018-08-20 01:34:30'),(142,3,2,'2018-08-20 01:34:30','2018-08-20 01:34:30'),(143,2,1,'2018-08-20 01:34:30','2018-08-20 01:34:30'),(144,2,2,'2018-08-20 01:34:30','2018-08-20 01:34:30'),(146,2,2,'2018-08-20 01:34:30','2018-08-20 01:34:30'),(147,2,1,'2018-08-20 01:34:30','2018-08-20 01:34:30'),(149,3,1,'2018-08-20 01:34:30','2018-08-20 01:34:30'),(150,2,1,'2018-08-20 01:34:30','2018-08-20 01:34:30'),(151,3,2,'2018-08-20 01:34:30','2018-08-20 01:34:30'),(152,3,1,'2018-08-20 01:34:30','2018-08-20 01:34:30'),(153,3,1,'2018-08-20 01:34:30','2018-08-20 01:34:30'),(154,3,1,'2018-08-20 01:34:30','2018-08-20 01:34:30'),(155,2,2,'2018-08-20 01:34:30','2018-08-20 01:34:30'),(156,3,2,'2018-08-20 01:34:30','2018-08-20 01:34:30'),(159,3,2,'2018-08-20 01:34:30','2018-08-20 01:34:30'),(161,3,2,'2018-08-20 01:34:30','2018-08-20 01:34:30'),(163,3,1,'2018-08-20 01:34:30','2018-08-20 01:34:30'),(164,3,2,'2018-08-20 01:34:30','2018-08-20 01:34:30'),(165,3,1,'2018-08-20 01:34:30','2018-08-20 01:34:30'),(166,3,1,'2018-08-20 01:34:30','2018-08-20 01:34:30'),(168,3,2,'2018-08-20 01:34:30','2018-08-20 01:34:30'),(169,3,1,'2018-08-20 01:34:30','2018-08-20 01:34:30'),(170,2,1,'2018-08-20 01:34:30','2018-08-20 01:34:30'),(171,2,2,'2018-08-20 01:34:30','2018-08-20 01:34:30'),(172,3,2,'2018-08-20 01:34:30','2018-08-20 01:34:30'),(173,2,2,'2018-08-20 01:34:30','2018-08-20 01:34:30'),(174,2,1,'2018-08-20 01:34:30','2018-08-20 01:34:30'),(176,3,2,'2018-08-20 01:34:30','2018-08-20 01:34:30'),(177,2,1,'2018-08-20 01:34:30','2018-08-20 01:34:30'),(178,2,2,'2018-08-20 01:34:30','2018-08-20 01:34:30'),(181,2,2,'2018-08-20 01:34:30','2018-08-20 01:34:30'),(183,2,2,'2018-08-20 01:34:30','2018-08-20 01:34:30'),(184,3,1,'2018-08-20 01:34:30','2018-08-20 01:34:30'),(187,2,1,'2018-08-20 01:34:30','2018-08-20 01:34:30'),(190,3,2,'2018-08-20 01:34:30','2018-08-20 01:34:30'),(191,2,2,'2018-08-20 01:34:30','2018-08-20 01:34:30'),(192,2,2,'2018-08-20 01:34:30','2018-08-20 01:34:30'),(193,2,1,'2018-08-20 01:34:30','2018-08-20 01:34:30'),(194,3,1,'2018-08-20 01:34:30','2018-08-20 01:34:30'),(195,2,2,'2018-08-20 01:34:30','2018-08-20 01:34:30'),(198,3,1,'2018-08-20 01:34:30','2018-08-20 01:34:30'),(199,3,2,'2018-08-20 01:34:30','2018-08-20 01:34:30'),(204,2,2,'2018-08-20 01:34:30','2018-08-20 01:34:30'),(205,3,2,'2018-08-20 01:34:30','2018-08-20 01:34:30'),(207,3,2,'2018-08-20 01:34:30','2018-08-20 01:34:30'),(208,3,2,'2018-08-20 01:34:30','2018-08-20 01:34:30'),(209,2,1,'2018-08-20 01:34:30','2018-08-20 01:34:30'),(212,2,1,'2018-08-20 01:34:30','2018-08-20 01:34:30'),(213,3,1,'2018-08-20 01:34:30','2018-08-20 01:34:30'),(214,3,1,'2018-08-20 01:34:30','2018-08-20 01:34:30'),(218,2,2,'2018-08-20 01:34:30','2018-08-20 01:34:30'),(219,3,1,'2018-08-20 01:34:30','2018-08-20 01:34:30'),(220,3,1,'2018-08-20 01:34:30','2018-08-20 01:34:30'),(221,2,1,'2018-08-20 01:34:30','2018-08-20 01:34:30'),(222,3,1,'2018-08-20 01:34:30','2018-08-20 01:34:30'),(224,2,2,'2018-08-20 01:34:30','2018-08-20 01:34:30'),(225,2,1,'2018-08-20 01:34:30','2018-08-20 01:34:30'),(227,3,1,'2018-08-20 01:34:30','2018-08-20 01:34:30'),(228,2,2,'2018-08-20 01:34:30','2018-08-20 01:34:30'),(230,3,1,'2018-08-20 01:34:30','2018-08-20 01:34:30'),(231,2,1,'2018-08-20 01:34:30','2018-08-20 01:34:30'),(234,3,2,'2018-08-20 01:34:30','2018-08-20 01:34:30'),(235,2,2,'2018-08-20 01:34:30','2018-08-20 01:34:30'),(236,3,1,'2018-08-20 01:34:30','2018-08-20 01:34:30'),(237,3,2,'2018-08-20 01:34:30','2018-08-20 01:34:30'),(239,3,1,'2018-08-20 01:34:30','2018-08-20 01:34:30'),(240,3,1,'2018-08-20 01:34:30','2018-08-20 01:34:30'),(241,3,2,'2018-08-20 01:34:30','2018-08-20 01:34:30'),(242,3,2,'2018-08-20 01:34:30','2018-08-20 01:34:30'),(243,2,1,'2018-08-20 01:34:30','2018-08-20 01:34:30'),(247,3,1,'2018-08-20 01:34:30','2018-08-20 01:34:30'),(254,3,1,'2018-08-20 01:34:30','2018-08-20 01:34:30'),(255,3,1,'2018-08-20 01:34:30','2018-08-20 01:34:30'),(259,3,2,'2018-08-20 01:34:30','2018-08-20 01:34:30'),(266,2,2,'2018-08-20 01:34:30','2018-08-20 01:34:30'),(267,3,2,'2018-08-20 01:34:30','2018-08-20 01:34:30'),(268,2,1,'2018-08-20 01:34:30','2018-08-20 01:34:30'),(269,2,1,'2018-08-20 01:34:30','2018-08-20 01:34:30'),(276,3,1,'2018-08-20 01:34:30','2018-08-20 01:34:30'),(278,3,1,'2018-08-20 01:34:30','2018-08-20 01:34:30'),(280,2,1,'2018-08-20 01:34:30','2018-08-20 01:34:30'),(281,3,1,'2018-08-20 01:34:30','2018-08-20 01:34:30'),(282,3,2,'2018-08-20 01:34:30','2018-08-20 01:34:30'),(284,2,1,'2018-08-20 01:34:30','2018-08-20 01:34:30'),(286,3,1,'2018-08-20 01:34:30','2018-08-20 01:34:30'),(288,2,2,'2018-08-20 01:34:30','2018-08-20 01:34:30'),(290,2,2,'2018-08-20 01:34:30','2018-08-20 01:34:30'),(292,2,1,'2018-08-20 01:34:30','2018-08-20 01:34:30'),(295,2,1,'2018-08-20 01:34:30','2018-08-20 01:34:30'),(299,2,1,'2018-08-20 01:34:30','2018-08-20 01:34:30'),(300,2,2,'2018-08-20 01:34:30','2018-08-20 01:34:30'),(301,2,2,'2018-08-20 01:34:30','2018-08-20 01:34:30'),(302,3,1,'2018-08-20 01:34:30','2018-08-20 01:34:30'),(303,2,2,'2018-08-20 01:34:30','2018-08-20 01:34:30'),(305,3,1,'2018-08-20 01:34:30','2018-08-20 01:34:30'),(306,3,2,'2018-08-20 01:34:30','2018-08-20 01:34:30'),(307,2,2,'2018-08-20 01:34:30','2018-08-20 01:34:30'),(308,3,1,'2018-08-20 01:34:30','2018-08-20 01:34:30'),(310,2,1,'2018-08-20 01:34:30','2018-08-20 01:34:30'),(314,3,2,'2018-08-20 01:34:30','2018-08-20 01:34:30'),(315,2,2,'2018-08-20 01:34:30','2018-08-20 01:34:30'),(317,3,1,'2018-08-20 01:34:30','2018-08-20 01:34:30'),(318,2,1,'2018-08-20 01:34:30','2018-08-20 01:34:30'),(319,2,2,'2018-08-20 01:34:30','2018-08-20 01:34:30'),(322,3,2,'2018-08-20 01:34:30','2018-08-20 01:34:30'),(329,2,2,'2018-08-20 01:34:30','2018-08-20 01:34:30'),(331,3,2,'2018-08-20 01:34:30','2018-08-20 01:34:30'),(332,3,1,'2018-08-20 01:34:30','2018-08-20 01:34:30'),(334,3,2,'2018-08-20 01:34:30','2018-08-20 01:34:30'),(335,2,1,'2018-08-20 01:34:30','2018-08-20 01:34:30'),(336,3,2,'2018-08-20 01:34:30','2018-08-20 01:34:30'),(337,3,1,'2018-08-20 01:34:30','2018-08-20 01:34:30'),(339,2,1,'2018-08-20 01:34:30','2018-08-20 01:34:30'),(340,3,2,'2018-08-20 01:34:30','2018-08-20 01:34:30'),(341,3,1,'2018-08-20 01:34:30','2018-08-20 01:34:30'),(342,3,2,'2018-08-20 01:34:30','2018-08-20 01:34:30'),(347,3,2,'2018-08-20 01:34:30','2018-08-20 01:34:30'),(348,3,2,'2018-08-20 01:34:30','2018-08-20 01:34:30'),(349,2,2,'2018-08-20 01:34:30','2018-08-20 01:34:30'),(350,2,1,'2018-08-20 01:34:30','2018-08-20 01:34:30'),(369,1,91,NULL,NULL);
/*!40000 ALTER TABLE `favorites` ENABLE KEYS */;
UNLOCK TABLES;

--
-- Table structure for table `galleries`
--

DROP TABLE IF EXISTS `galleries`;
/*!40101 SET @saved_cs_client     = @@character_set_client */;
/*!40101 SET character_set_client = utf8 */;
CREATE TABLE `galleries` (
  `id` int(10) unsigned NOT NULL AUTO_INCREMENT,
  `galleryable_type` varchar(255) COLLATE utf8mb4_unicode_ci NOT NULL,
  `galleryable_id` bigint(20) unsigned NOT NULL,
  `cover` varchar(255) COLLATE utf8mb4_unicode_ci DEFAULT NULL,
  `name_ar` varchar(255) COLLATE utf8mb4_unicode_ci DEFAULT NULL,
  `name_en` varchar(255) COLLATE utf8mb4_unicode_ci DEFAULT NULL,
  `description_ar` varchar(255) COLLATE utf8mb4_unicode_ci DEFAULT NULL,
  `description_en` varchar(255) COLLATE utf8mb4_unicode_ci DEFAULT NULL,
  `active` tinyint(1) NOT NULL DEFAULT '1',
  `created_at` timestamp NULL DEFAULT NULL,
  `updated_at` timestamp NULL DEFAULT NULL,
  `deleted_at` timestamp NULL DEFAULT NULL,
  PRIMARY KEY (`id`),
  KEY `galleries_galleryable_type_galleryable_id_index` (`galleryable_type`,`galleryable_id`)
) ENGINE=InnoDB AUTO_INCREMENT=97 DEFAULT CHARSET=utf8mb4 COLLATE=utf8mb4_unicode_ci;
/*!40101 SET character_set_client = @saved_cs_client */;

--
-- Dumping data for table `galleries`
--

LOCK TABLES `galleries` WRITE;
/*!40000 ALTER TABLE `galleries` DISABLE KEYS */;
INSERT INTO `galleries` VALUES (3,'App\\Models\\Product',3,'xvOZ1eOm3WduiRThVaTeYSWv4HvAr6vBNZnrT0yq.jpeg','ممممم','mmmmmm',NULL,NULL,1,'2018-08-27 14:37:59','2018-08-27 14:37:59',NULL),(4,'App\\Models\\Product',3,'61DcuTOPFVy1nKnabJI5I6vrLW3s5x9VcqSdVxgN.jpeg','ممممم','mmmmmm',NULL,NULL,1,'2018-08-27 14:39:19','2018-08-27 14:39:19',NULL),(5,'App\\Models\\Product',4,'GAQTejmq0VOL9mm8D7IyUr4stEnagCE5JIPEulcQ.jpeg','كككك','kkkkkkk',NULL,NULL,1,'2018-08-27 14:54:58','2018-08-27 19:12:51',NULL),(6,'App\\Models\\Product',4,'8tsB0dgY7vRTVfzVaQO0D3MA4aGJeieUZJH94iUD.jpeg','كككك','kkkkkkk',NULL,NULL,1,'2018-08-27 14:55:35','2018-08-27 14:55:36',NULL),(7,'App\\Models\\Product',5,'kuhTfB0JXP28UhKWJOxoLmP4VATjyHB5lu3cJGzn.jpeg','ررررر','rrrrrrrr',NULL,NULL,1,'2018-08-27 15:09:12','2018-08-27 15:09:12',NULL),(8,'App\\Models\\Product',6,'oexVbYl4fQogiKAAMS7DBrYKeEPp4SsT7ugYYiIC.jpeg','عباية','ABAYE',NULL,NULL,1,'2018-09-02 09:13:16','2018-09-02 09:13:16',NULL),(9,'App\\Models\\Product',7,'AwDY1oXbmUWNaeQJKttYvkl6G4EIQ0zxfzTjhZIY.jpeg','عباية','abaya',NULL,NULL,1,'2018-09-02 09:21:45','2018-09-02 09:21:45',NULL),(10,'App\\Models\\Product',8,'cOelrR8dXcdUyRlpVNPX7kq48FcKe20mnzeZl5YL.jpeg','عباية','abaya',NULL,NULL,1,'2018-09-10 11:34:41','2018-09-10 11:34:42',NULL),(11,'App\\Models\\Product',9,'N957n7clH8te1nNVixFLXQizADSUEht0NsYEEOGZ.jpeg','عباية','abaya',NULL,NULL,1,'2018-09-10 12:07:30','2018-09-10 12:07:30',NULL),(12,'App\\Models\\Product',9,'8ghFIcfpFlgFr2nC5GoJ5yBrdj5vBiEMEqo9iHTt.jpeg','عباية','abaya',NULL,NULL,1,'2018-09-10 12:07:39','2018-09-10 12:07:40',NULL),(13,'App\\Models\\Product',11,'LLBH3jx0vvB6CbIcjzCdx6SUWtouUqmf4GVcssg1.jpeg','عباية','abaya',NULL,NULL,1,'2018-09-10 12:16:18','2018-09-10 12:16:18',NULL),(14,'App\\Models\\Product',12,'x8QyqY1CbwjVVEDApjloKUA0SogiAavj0lNM2BNN.jpeg','عباية','abaya',NULL,NULL,1,'2018-09-10 12:23:56','2018-09-10 12:23:56',NULL),(15,'App\\Models\\Product',13,'SuCrjtQLQvllFzEOMzm37GbyBG6Ox4KOZ9CzvcMy.jpeg','عباية','abaya',NULL,NULL,1,'2018-09-10 12:30:11','2018-09-10 12:30:11',NULL),(16,'App\\Models\\Product',14,'f3M9ezSOLj0UBXtQbJtpPNpGjL1icbEGAwEHe5Wq.jpeg','عباية','abaya',NULL,NULL,1,'2018-09-10 12:34:12','2018-09-10 12:34:12',NULL),(17,'App\\Models\\Product',15,'u40MrHRxbJF9SProAKCJq0i39UPivtNh4LcgceMW.jpeg','عباية','abaya',NULL,NULL,1,'2018-09-10 12:40:44','2018-09-10 12:40:44',NULL),(18,'App\\Models\\Product',16,'hecwfPP31rYLHfIYS1Uf507yBKfPmyOE8uH5XJoW.jpeg','عباية','abaya',NULL,NULL,1,'2018-09-10 12:47:55','2018-09-10 12:47:55',NULL),(19,'App\\Models\\Product',18,'Y2HWiOqdQ6ARaRdNohgOW8dX7bKO78GECJXPh0rc.jpeg','عباية','abaya',NULL,NULL,1,'2018-09-10 13:07:22','2018-09-10 13:07:22',NULL),(20,'App\\Models\\Product',18,'cHg9JoCGSc0aHUTUQer0LmYPvAlC92Oy2oxRpvTz.jpeg','عباية','abaya',NULL,NULL,1,'2018-09-10 13:08:50','2018-09-10 13:08:51',NULL),(21,'App\\Models\\Product',19,'WQbAiKTQ4pK0lfWhJcPmJlEbeyfATqRRhKS6ve6T.jpeg','عباية','abaya',NULL,NULL,1,'2018-09-10 14:32:21','2018-09-10 14:32:21',NULL),(22,'App\\Models\\Product',20,'oBKqE0m31VijDOkCen4mNCmY3ZFrUbPiCBXisX53.jpeg','عباية','abaya',NULL,NULL,1,'2018-09-10 14:42:23','2018-09-10 14:42:24',NULL),(23,'App\\Models\\Product',21,'CgXclU4vOD8yuNCBGovvfvRVoFlcjVITUMMdn5ss.jpeg','عباية','abaya',NULL,NULL,1,'2018-09-10 14:47:39','2018-09-10 14:47:40',NULL),(24,'App\\Models\\Product',22,'0ZG5nuFoZTfToOd3NTRgtMxipYcD0lNZUDrobhmc.jpeg','عباية','abaya',NULL,NULL,1,'2018-09-10 14:53:41','2018-09-10 14:53:41',NULL),(25,'App\\Models\\Product',23,'8zFRJgts8s0tgiFEWPvq36utNVgjwszrstcF21xB.jpeg','عباية','abaya',NULL,NULL,1,'2018-09-10 15:05:20','2018-09-10 15:05:20',NULL),(26,'App\\Models\\Product',24,'KaTku9vCBhUYnWofZ6YiL5BnRFE1mde7sRNHYRTe.jpeg','عباية','abaya',NULL,NULL,1,'2018-09-10 15:10:30','2018-09-10 15:10:31',NULL),(27,'App\\Models\\Product',25,'wB9Mzi4MMo51YgZIqsvPxqxCtQa4dXKRiROMA5B5.jpeg','عباية','abaya',NULL,NULL,1,'2018-09-11 11:59:48','2018-09-11 11:59:49',NULL),(28,'App\\Models\\Product',26,'kBh5FI0QVihVmpYzG8gPHZb0xMOOk8sEY0Pbdc9X.jpeg','عباية','abaya',NULL,NULL,1,'2018-09-11 12:05:13','2018-09-11 12:05:14',NULL),(29,'App\\Models\\Product',27,'E2U9WY25njuHO1MevMrG91la9lmU5rK46NjixpeP.jpeg','عباية','abaya',NULL,NULL,1,'2018-09-11 12:10:31','2018-09-11 12:10:32',NULL),(30,'App\\Models\\Product',28,'kRiN2STPFTtK0qWcOk3JQnoDo0aOP07Im1W9FGmi.jpeg','عباية','abaya',NULL,NULL,1,'2018-09-11 12:21:27','2018-09-11 12:21:28',NULL),(31,'App\\Models\\Product',29,'7yNr73zPec0tw2vHh5orNZbDSyZwn7Rde6Eq8pHK.jpeg','عباية','abaya',NULL,NULL,1,'2018-09-11 12:27:35','2018-09-11 12:27:36',NULL),(32,'App\\Models\\Product',30,'81CUNCGcXVnx32u9sTnGXP5wrDWupf2qlwZZ1V7w.jpeg','عباية','abaya',NULL,NULL,1,'2018-09-11 12:33:18','2018-09-11 12:33:19',NULL),(33,'App\\Models\\Product',31,'j5gHnDL4SEAGk90n2X4jinhdONx2zUDaGcVyM4V7.jpeg','عباية','abaya',NULL,NULL,1,'2018-09-11 12:47:13','2018-09-11 12:47:13',NULL),(34,'App\\Models\\Product',32,'vTw4ZGTQxbVHwPQmHCxE3XAwYpItwdo6Z1dQZJjR.jpeg','عباية','abaya',NULL,NULL,1,'2018-09-11 13:03:24','2018-09-11 13:03:24',NULL),(35,'App\\Models\\Product',33,'zYaYFq3jYrW92ytilS8R9nv7Uu6s5p1aW3j5MQsB.jpeg','عباية','abaya',NULL,NULL,1,'2018-09-11 13:56:04','2018-09-11 13:56:05',NULL),(36,'App\\Models\\Product',34,'QyCs2u1kWy1HqnmV9scL7sPX1c4QwZ3tu9GztACq.jpeg','عباية','abaya',NULL,NULL,1,'2018-09-11 14:05:06','2018-09-11 14:05:06',NULL),(37,'App\\Models\\Product',35,'xUYSiiEhbF83s0h0rApKfaVwr1HfeqSgFFgF8Apl.jpeg','عباية','abaya',NULL,NULL,1,'2018-09-11 14:10:33','2018-09-11 14:10:33',NULL),(38,'App\\Models\\Product',36,'0M7lP5rRodFSDbKF1wEpzZOF5zdLixWa6Wc2erNe.jpeg','عباية','abaya',NULL,NULL,1,'2018-09-12 12:36:28','2018-09-12 12:36:29',NULL),(39,'App\\Models\\Product',37,'0aW3zLqy9kXmpOqiJkgrIY5fhN5AQ1kXoTk5wtix.jpeg','عباية','abaya',NULL,NULL,1,'2018-09-12 12:44:01','2018-09-12 12:44:02',NULL),(40,'App\\Models\\Product',38,'dw7zPK5E9eWoTavIOELCVumsfy4H5NQZFXU1ZTI8.jpeg','عباية','abaya',NULL,NULL,1,'2018-09-12 12:54:40','2018-09-12 12:54:40',NULL),(41,'App\\Models\\Product',39,'bTP8im5MyEcTBYgylL1aUjt6ihI1uSU0mxqrfIMb.jpeg','عباية','abaya',NULL,NULL,1,'2018-09-12 13:00:26','2018-09-12 13:00:26',NULL),(42,'App\\Models\\Product',40,'ktbseDsLdJmMOOi56L8WqMufSM3TVaFh3xDPSoMx.jpeg','عباية','abaya',NULL,NULL,1,'2018-09-12 13:05:49','2018-09-12 13:05:49',NULL),(43,'App\\Models\\Product',41,'poSDq8G6NJEZnABbX8hgUfoNkLP5SqhAAMjHiA02.jpeg','عباية','abaya',NULL,NULL,1,'2018-09-12 13:18:33','2018-09-12 13:18:33',NULL),(44,'App\\Models\\Product',42,'vtjA4sy6IxOmvdTGjGbzlCdtv1EVdLNZ7AO2SClQ.jpeg','عباية','abaya',NULL,NULL,1,'2018-09-12 13:23:56','2018-09-12 13:23:56',NULL),(45,'App\\Models\\Product',43,'mOcLUiL209d0sRp5j05mpH0VwTBcgNr7R5CvWfeg.jpeg','عباية','abaya',NULL,NULL,1,'2018-09-12 13:40:18','2018-09-12 13:40:19',NULL),(46,'App\\Models\\Product',44,'BcDL3WhGCpPmBTWk17uZmJiCrzaC1kkdBcZTI5QR.jpeg','عباية','abaya',NULL,NULL,1,'2018-09-12 13:47:16','2018-09-12 13:47:16',NULL),(47,'App\\Models\\Product',45,'jgSmJVkicOUB5JNwRbZUcsQrBR6ZzBoPhXnetVL5.jpeg','عباية','abaya',NULL,NULL,1,'2018-09-12 13:53:27','2018-09-12 13:53:27',NULL),(48,'App\\Models\\Product',47,'avwffjz2r8noqA2Opt0XYb8eVotNwN2e0jNM2f2v.jpeg','عباية','abaya',NULL,NULL,1,'2018-09-12 14:08:58','2018-09-12 14:08:58',NULL),(49,'App\\Models\\Product',48,'sPtiGWWnpVGHpyF7vgav4redB1Ozr7grYsM6Tpfr.jpeg','عباية','abaya',NULL,NULL,1,'2018-09-12 14:19:04','2018-09-12 14:19:05',NULL),(50,'App\\Models\\Product',49,'F2ss3EG9ehyhMikd4hez9WLWcLxDlOA2H9Rtq3qJ.jpeg','عباية','abaya',NULL,NULL,1,'2018-09-12 14:25:33','2018-09-12 14:25:34',NULL),(51,'App\\Models\\Product',50,'JxSxnVp6sj3mCtJpCpjE5PT6WbKszIHkwZbryrNW.jpeg','عباية','abaya',NULL,NULL,1,'2018-09-12 15:02:23','2018-09-12 15:02:24',NULL),(52,'App\\Models\\Product',51,'hKCzq7S1qEFczay6HDmrVjw3TFB9OvpP5BCCwFHo.jpeg','عباية','abaya',NULL,NULL,1,'2018-09-12 15:07:42','2018-09-12 15:07:42',NULL),(53,'App\\Models\\Product',52,'1PqeC15BJC00UVbxMx1u8flc1UsME8lpXkZjlX62.jpeg','عباية','abaya',NULL,NULL,1,'2018-09-12 15:21:57','2018-09-12 15:21:57',NULL),(54,'App\\Models\\Product',54,'8JVCiENjux4OFHciUOTW9UhSeKh0AbLpEpxF2Jms.jpeg','عباية','abaya',NULL,NULL,1,'2018-09-12 15:30:09','2018-09-12 15:30:10',NULL),(55,'App\\Models\\Product',55,'UZN6lwRrP0u3BqA53qtw41Hm8NX9L0gl5MysFA6j.jpeg','عباية','abaya',NULL,NULL,1,'2018-09-12 15:34:00','2018-09-12 15:34:00',NULL),(56,'App\\Models\\Product',56,'iYWZNzfzO5VZ2dN603QO7YkRR6YlHuqSHf2SSu8B.jpeg','عباية','abaya',NULL,NULL,1,'2018-09-15 13:09:27','2018-09-15 13:09:28',NULL),(57,'App\\Models\\Product',57,'o2yK31EblHQbzTdUAqXYTAZgwSh3ruEudTJukmKT.jpeg','عباية','abaya',NULL,NULL,1,'2018-09-15 14:18:40','2018-09-15 14:18:40',NULL),(58,'App\\Models\\Product',58,'wMlWtytet4njQfDpMZQ2ni4SrG01JAECQbJ2pw6C.jpeg','عباية','abaya',NULL,NULL,1,'2018-09-17 07:35:03','2018-09-17 07:35:04',NULL),(59,'App\\Models\\Product',59,'XV5Vmqd8TNZOklT0mOzgd3K89GMoFna2yidvjtwS.jpeg','عباية','abaya',NULL,NULL,1,'2018-09-17 07:38:30','2018-09-17 07:38:30',NULL),(60,'App\\Models\\Product',60,'C56s5yBJpMOQFULWlQDC30fgacFYBWEWSjOE7hXN.jpeg','عباية','abaya',NULL,NULL,1,'2018-09-17 07:57:38','2018-09-17 07:57:39',NULL),(61,'App\\Models\\Product',61,'1rWlfzdaaNhr4SpFsNyMCUWmI847tepMGVzE0YwP.jpeg','عباية','abaya',NULL,NULL,1,'2018-09-17 08:04:12','2018-09-17 08:04:13',NULL),(62,'App\\Models\\Product',62,'3xafyOKeBgrSJhJBNWLBn6hdfJGV9MCiX7Owe4oy.jpeg','عباية','abaya',NULL,NULL,1,'2018-09-17 08:09:03','2018-09-17 08:09:03',NULL),(63,'App\\Models\\Product',63,'GYK5H24VVlN9u7MrMARntc0ChSBEZZ7D2ZEzgTDp.jpeg','عباية','abaya',NULL,NULL,1,'2018-09-17 08:18:38','2018-09-17 08:18:38',NULL),(64,'App\\Models\\Product',64,'ZFUf0YqtIipFHwl8A8cPMPxaUln4skAPjicQQNTH.jpeg','عباية','abaya',NULL,NULL,1,'2018-09-17 08:22:13','2018-09-17 08:22:14',NULL),(65,'App\\Models\\Product',65,'gbPSHPycCEjyEqLQ5CNoed60p47kEBDS1JE8J7G9.jpeg','عباية','abaya',NULL,NULL,1,'2018-09-17 08:25:06','2018-09-17 08:25:06',NULL),(66,'App\\Models\\Product',66,'ijxBRExmYRlo9LKR5AGWDuiYn9fsvXj2OuXbCblF.jpeg','عباية','abaya',NULL,NULL,1,'2018-09-17 09:18:59','2018-09-17 09:18:59',NULL),(67,'App\\Models\\Product',67,'4aPuI1jJLjASxZsJbxtOmGgzagZLuHsATHYPxdHF.jpeg','عباية','abaya',NULL,NULL,1,'2018-09-24 08:42:35','2018-09-24 08:42:35',NULL),(68,'App\\Models\\Product',68,'BuZZ6Z5roJkxAahHvADZZkzfeONv0fQGDdUHim0m.jpeg','عباية','abaya',NULL,NULL,1,'2018-09-24 08:48:29','2018-09-24 08:48:29',NULL),(69,'App\\Models\\Product',69,'aVZTi1X3btXeF2ImtJlGlMEiByZ3WM8qWUwssPBx.jpeg','عباية','abaya',NULL,NULL,1,'2018-09-24 08:53:48','2018-09-24 08:53:49',NULL),(70,'App\\Models\\Product',70,'U4jhAVZTCuzTdjjuk4qqdJJiWSdpIDEOWsDrspG6.jpeg','عباية','abaya',NULL,NULL,1,'2018-09-24 09:01:14','2018-09-24 09:01:15',NULL),(71,'App\\Models\\Product',71,'LWVKlFfDStvk52ZIQNmXR2N9Or4qCcSNtwSwOBIh.jpeg','عباية','abaya',NULL,NULL,1,'2018-09-24 09:05:08','2018-09-24 09:05:09',NULL),(72,'App\\Models\\Product',72,'cPpohLbHOSPU5vQScWZjtRZ1YXjOpyjaMzPIuH0B.jpeg','عباية','abaya',NULL,NULL,1,'2018-09-24 09:12:56','2018-09-24 09:12:56',NULL),(73,'App\\Models\\Product',73,'m78kckXeFoozifnxrbYAGGH8OnCK2qgZVEMKu3mc.jpeg','عباية','abaya',NULL,NULL,1,'2018-09-24 09:16:08','2018-09-24 09:16:09',NULL),(74,'App\\Models\\Product',74,'nON9fCIOQPpFxBVZmQ41JyLeAJyBcZWof3FnJeMm.jpeg','عباية','abaya',NULL,NULL,1,'2018-09-24 12:29:26','2018-09-24 12:29:26',NULL),(75,'App\\Models\\Product',75,'9FfKT9Nmcb1s2nSdhttbwrJjukPHaO3atBAYVSg9.jpeg','عباية','abaya',NULL,NULL,1,'2018-09-24 12:34:57','2018-09-24 12:34:57',NULL),(76,'App\\Models\\Product',76,'jBI1fRmk1rBBfnpdZnXC98suq3JbZoDr4jk2OxfB.jpeg','عباية','abaya',NULL,NULL,1,'2018-09-24 12:43:46','2018-09-24 12:43:47',NULL),(77,'App\\Models\\Product',77,'O3cQ8VBfk2rqPFFfUimgFRdKMgcNZv4HBXLg0w60.jpeg','عباية','abaya',NULL,NULL,1,'2018-09-24 12:48:06','2018-09-24 12:48:07',NULL),(78,'App\\Models\\Product',78,'aHYvBmmUpkKjTeU4omkp5P9o2qj8TRktKAMucdKK.jpeg','عباية','abaya',NULL,NULL,1,'2018-09-25 12:23:48','2018-09-25 12:23:48',NULL),(79,'App\\Models\\Product',80,'CHbWMVmh2Bvfl1hj3VR1kAm28Hsvx7K2uugGJZU1.jpeg','عباية','abaya',NULL,NULL,1,'2018-09-25 12:27:42','2018-09-25 12:27:42',NULL),(80,'App\\Models\\Product',81,'fwylhmpSG6Q1b7IYRLK2thrxP61347h97GRuTLdR.jpeg','عباية','abaya',NULL,NULL,1,'2018-09-25 12:31:47','2018-09-25 12:31:47',NULL),(81,'App\\Models\\Product',82,'IZK2JBX6PNbsVvXqMbK1fTNFPe5aHJmZhis5avnw.jpeg','عباية','abaya',NULL,NULL,1,'2018-09-25 12:40:13','2018-09-25 12:40:13',NULL),(82,'App\\Models\\Product',83,'VzPlfYlO6gwk9ufJy58bbsEfHoawziIsJLmeiTQQ.jpeg','عباية','abaya',NULL,NULL,1,'2018-09-25 12:47:07','2018-09-25 12:47:07',NULL),(83,'App\\Models\\Product',84,'AYDMjF1nq31RWaaQwQJS2VSdcgzcsbXB7E4CpNIq.jpeg','عباية','abaya','عباية جميلة خام بيج غامق مع اسود','Beautiful abaya with fabric dark beige with black',1,'2018-09-25 13:05:44','2018-09-25 13:05:44',NULL),(84,'App\\Models\\Product',85,'IT0hVAddbJlczwh9FZ5r8lABCESsfvHI08Gqulys.jpeg','عباية','abaya',NULL,NULL,1,'2018-09-25 13:14:36','2018-09-25 13:14:36',NULL),(85,'App\\Models\\Product',86,'rsj7HCS36d8J8wXgiCnV7Lx6ej9mAoZFzaMQxF67.jpeg','عباية','abaya',NULL,NULL,1,'2018-09-25 13:21:33','2018-09-25 13:21:33',NULL),(86,'App\\Models\\Product',87,'QLQ0bHEgkp2pssxtOfHwBX4QDRy4vdrUMUgJ5QiO.jpeg','عباية','abaya',NULL,NULL,1,'2018-09-25 13:29:33','2018-09-25 13:29:33',NULL),(87,'App\\Models\\Product',88,'TIRE1D9ndxOWe2JrPlUeheocsXRliLnvLWECFC0o.jpeg','عباية','abaya',NULL,NULL,1,'2018-09-25 13:34:22','2018-09-25 13:34:22',NULL),(88,'App\\Models\\Product',89,'iygoNdsgqgPA4ihRQB6bjtJc9DfcM8ULMynwftag.jpeg','عباية','abaya',NULL,NULL,1,'2018-09-25 13:39:30','2018-09-25 13:39:30',NULL),(89,'App\\Models\\Product',90,'nhSluBBwaLiP2nYrtTHlbPNSY3XTBhmHFNPugRp0.jpeg','عباية','abaya',NULL,NULL,1,'2018-09-25 13:44:36','2018-09-25 13:44:36',NULL),(90,'App\\Models\\Product',91,'NbSDigHBJg2cdeuzpxNUSBjwq0gsj9uRI8bmeJ9P.jpeg','عباية','abaya',NULL,NULL,1,'2018-09-25 13:48:47','2018-09-25 13:48:48',NULL),(91,'App\\Models\\Product',92,'6VQTSBFGF5Orvic2DMstkbzbo0povjTKYaUjRzAb.jpeg','عباية','abaya',NULL,NULL,1,'2018-09-25 13:53:18','2018-09-25 13:53:18',NULL),(92,'App\\Models\\Product',93,'N9jGPjxmAviP23yzZx3LRIjLlZ5ZGuNgUnTgDVea.jpeg','عباية','abaya',NULL,NULL,1,'2018-09-25 14:03:22','2018-09-25 14:03:23',NULL),(93,'App\\Models\\Product',94,'5JWA89srWkNf2vYG3UdeqAyC6cKoe7sNyW6UkofV.jpeg','عباية','abaya',NULL,NULL,1,'2018-09-25 14:08:43','2018-09-25 14:08:44',NULL),(94,'App\\Models\\Product',95,'o6vxTu4u3jFLCNBbFJYaarFJLYyIu4kGtcXYrjDH.jpeg','عباية','abaya',NULL,NULL,1,'2018-09-25 14:13:11','2018-09-25 14:13:11',NULL),(95,'App\\Models\\Product',96,'5k0QCeybEz20QGHgOk6aQJxQIwl6kKGVuYBiatu3.jpeg','عباية','abaya',NULL,NULL,1,'2018-09-25 14:17:23','2018-09-25 14:17:24',NULL),(96,'App\\Models\\Product',97,'mRnoVRKobBIxbNZtNy4rIxKisWmYB4GkwocZtbMe.jpeg','تجربة','test',NULL,NULL,1,'2018-10-06 14:01:31','2018-10-06 14:01:31',NULL);
/*!40000 ALTER TABLE `galleries` ENABLE KEYS */;
UNLOCK TABLES;

--
-- Table structure for table `images`
--

DROP TABLE IF EXISTS `images`;
/*!40101 SET @saved_cs_client     = @@character_set_client */;
/*!40101 SET character_set_client = utf8 */;
CREATE TABLE `images` (
  `id` int(10) unsigned NOT NULL AUTO_INCREMENT,
  `is_main` tinyint(1) NOT NULL DEFAULT '0',
  `path` varchar(255) COLLATE utf8mb4_unicode_ci DEFAULT NULL,
  `caption_ar` varchar(255) COLLATE utf8mb4_unicode_ci DEFAULT NULL,
  `caption_en` varchar(255) COLLATE utf8mb4_unicode_ci DEFAULT NULL,
  `order` int(11) DEFAULT NULL,
  `gallery_id` int(10) unsigned NOT NULL,
  `created_at` timestamp NULL DEFAULT NULL,
  `updated_at` timestamp NULL DEFAULT NULL,
  `deleted_at` timestamp NULL DEFAULT NULL,
  PRIMARY KEY (`id`),
  KEY `images_gallery_id_index` (`gallery_id`),
  CONSTRAINT `images_gallery_id_foreign` FOREIGN KEY (`gallery_id`) REFERENCES `galleries` (`id`) ON DELETE CASCADE ON UPDATE CASCADE
) ENGINE=InnoDB AUTO_INCREMENT=256 DEFAULT CHARSET=utf8mb4 COLLATE=utf8mb4_unicode_ci;
/*!40101 SET character_set_client = @saved_cs_client */;

--
-- Dumping data for table `images`
--

LOCK TABLES `images` WRITE;
/*!40000 ALTER TABLE `images` DISABLE KEYS */;
INSERT INTO `images` VALUES (12,0,'vysoLerXcMqxxrHBp3p3qXoSYwqMZRmUemeEaB8R.jpeg',NULL,NULL,NULL,3,'2018-08-27 14:38:00','2018-08-27 14:38:00',NULL),(13,0,'dzlHSZsoThJMS0mW1LpELns1HOy5tL56ukaya57D.jpeg',NULL,NULL,NULL,3,'2018-08-27 14:38:00','2018-08-27 14:38:00',NULL),(14,0,'tzO422E38DL23sEzmPx38D9RgL2r4Kjry6kqBnca.jpeg',NULL,NULL,NULL,4,'2018-08-27 14:39:19','2018-08-27 14:39:19',NULL),(15,0,'qPDtrjgkGl4f3gJiB53eHlYbjVfWRF29uIKXqK3O.jpeg',NULL,NULL,NULL,4,'2018-08-27 14:39:20','2018-08-27 14:39:20',NULL),(16,0,'Eh9EhhyOhRD8cgw2gSXL1lw1YzpjxIIhoHaWk6VW.jpeg',NULL,NULL,NULL,4,'2018-08-27 14:39:20','2018-08-27 14:39:20',NULL),(18,0,'jEOokyBgeHxDaQnIGODe4NaDtY0eFxS1cXHwnBpC.jpeg',NULL,NULL,NULL,5,'2018-08-27 14:54:59','2018-08-27 14:54:59',NULL),(19,0,'UBjruwgMpyzDaAEH9MBWMgfW8no4ESU1oyyDciCL.jpeg',NULL,NULL,NULL,5,'2018-08-27 14:54:59','2018-08-27 14:54:59',NULL),(20,0,'jJ9H1pqO7H3InO0ecdrZH6MEohnYZzJLr6j1Fgyr.jpeg',NULL,NULL,NULL,6,'2018-08-27 14:55:36','2018-08-27 14:55:36',NULL),(21,0,'HC1KVb69hExqFkHhdW9dG4GU1rxllb0ho3UAADnO.jpeg',NULL,NULL,NULL,6,'2018-08-27 14:55:36','2018-08-27 14:55:36',NULL),(22,0,'IlA1PKr1GHlu9CS2tC0H7sTccnGBtOJ8FMfSxxFg.jpeg',NULL,NULL,NULL,6,'2018-08-27 14:55:37','2018-08-27 14:55:37',NULL),(23,0,'cnhblShWvSAQ8SetJJxFp8sUvKJzIU2rABGL8H2q.jpeg',NULL,NULL,NULL,7,'2018-08-27 15:09:13','2018-08-27 15:09:13',NULL),(24,0,'RV1RuHdtjcPO7FdMqHyxUlUvJEPi2Uy7QxWjJ1uT.jpeg',NULL,NULL,NULL,7,'2018-08-27 15:09:13','2018-08-27 15:09:13',NULL),(25,0,'8owHkKREWdDf0Y55YaZ5asEjkaLA0jPfIbvE53wf.jpeg',NULL,NULL,NULL,7,'2018-08-27 15:09:13','2018-08-27 15:09:13',NULL),(26,0,'lDv2t7sCimCE6Z6tcnk08lunwZH1EGPV6tm7tcQu.jpeg',NULL,NULL,NULL,7,'2018-08-27 15:09:14','2018-08-27 15:09:14',NULL),(27,0,'lPnCzqWvkzYXY311llVr6KfzC26QmCFOHkwcdxl8.jpeg',NULL,NULL,NULL,5,'2018-08-27 19:13:19','2018-08-27 19:13:19',NULL),(28,0,'bNoLEJ1NbkDKsE7n1U4Ro3g0XV7WG7sexvK9S2mR.jpeg',NULL,NULL,NULL,8,'2018-09-02 09:13:16','2018-09-02 09:13:16',NULL),(29,0,'BOLRbYf4lz4ydiqNWk1ZSUwMzxr2CzOlNAq3AxoK.jpeg',NULL,NULL,NULL,8,'2018-09-02 09:13:17','2018-09-02 09:13:17',NULL),(30,0,'w8XYikQjASOEkk9gPfRjTQcEngv8yu5RP21E2DSo.jpeg',NULL,NULL,NULL,8,'2018-09-02 09:13:17','2018-09-02 09:13:17',NULL),(31,0,'U92jq434L0IKe0wluksezLJSeDxacxWtxtxPVVMA.jpeg',NULL,NULL,NULL,9,'2018-09-02 09:21:46','2018-09-02 09:21:46',NULL),(32,0,'cXCwNbMc6Wqp3X0H0vfmkZ8I4SwxjpCloz92Qy0G.jpeg',NULL,NULL,NULL,9,'2018-09-02 09:21:46','2018-09-02 09:21:46',NULL),(33,0,'stXas7vE5ZyhiigFTXLD1qdl67AjzzXtRONzl3mn.jpeg',NULL,NULL,NULL,9,'2018-09-02 09:21:46','2018-09-02 09:21:46',NULL),(34,0,'IrTxrDajcNoqtMDnFLltGtd2K41ZTLc8q1MzD0N0.jpeg',NULL,NULL,NULL,10,'2018-09-10 11:34:42','2018-09-10 11:34:42',NULL),(35,0,'jnFXoG9rOPNtpFmP9qh6G8LPHRVyWR94CEpDwCDq.jpeg',NULL,NULL,NULL,10,'2018-09-10 11:34:42','2018-09-10 11:34:42',NULL),(36,0,'KiuE57j26VsjHAsbiYjBHxzkmLZP8dbvAapuilyR.jpeg',NULL,NULL,NULL,10,'2018-09-10 11:34:42','2018-09-10 11:34:42',NULL),(37,0,'ss3xbnogLa5DA6U6Gp8q5UukiazdQ4ilbDLz8Tfh.jpeg',NULL,NULL,NULL,10,'2018-09-10 11:34:43','2018-09-10 11:34:43',NULL),(38,0,'Hi3WOTGqG4TbFQ4UVl2Qf1VRMxU3dEN338LGIbKs.jpeg',NULL,NULL,NULL,10,'2018-09-10 11:34:43','2018-09-10 11:34:43',NULL),(39,0,'ABM7HhT6X3E4d4zleSYBRc0fpsP1P3U0AJFoX3h8.jpeg',NULL,NULL,NULL,11,'2018-09-10 12:07:30','2018-09-10 12:07:30',NULL),(40,0,'HYPgUqSkGKKl1VbdZohxWtMI3A4dPD0VcciwBac0.jpeg',NULL,NULL,NULL,11,'2018-09-10 12:07:31','2018-09-10 12:07:31',NULL),(41,0,'Otwqv8w9PbSuISiVEEdz1bXF7diJZAjddyhQqCEV.jpeg',NULL,NULL,NULL,12,'2018-09-10 12:07:40','2018-09-10 12:07:40',NULL),(42,0,'EWcFeIe3HFkBhdyXpreHWDtmLitSOEk7t0jeO4Mf.jpeg',NULL,NULL,NULL,12,'2018-09-10 12:07:40','2018-09-10 12:07:40',NULL),(43,0,'rxXFxRANPvyOmLTvbQihzWGz6gq5ixn6sLqQDWdJ.jpeg',NULL,NULL,NULL,13,'2018-09-10 12:16:19','2018-09-10 12:16:19',NULL),(44,0,'pklNqNYmcFYuihB0VzqI2dq18RbzoshRuZ4Fjrge.jpeg',NULL,NULL,NULL,13,'2018-09-10 12:16:19','2018-09-10 12:16:19',NULL),(45,0,'wQhPbEv8aj2SvVy3r6zaEg9JegbjS0I9QGRmM2nf.jpeg',NULL,NULL,NULL,14,'2018-09-10 12:23:57','2018-09-10 12:23:57',NULL),(46,0,'3gekcOCOPjP9jUPuD21unuil5srJZ6Rg3aBGtCD4.jpeg',NULL,NULL,NULL,14,'2018-09-10 12:23:57','2018-09-10 12:23:57',NULL),(47,0,'BG9C59mEyIt5TW8Agih6S67skpQYJFUYorMMYlJI.jpeg',NULL,NULL,NULL,15,'2018-09-10 12:30:12','2018-09-10 12:30:12',NULL),(48,0,'7whpzyl7BARS7jL7KL4mOtqgPLV8IgEOR1DId7cH.jpeg',NULL,NULL,NULL,15,'2018-09-10 12:30:12','2018-09-10 12:30:12',NULL),(49,0,'1QQxmL55Dh6hknEmtIXEMclIYNZUfovMHIsWiBYp.jpeg',NULL,NULL,NULL,16,'2018-09-10 12:34:13','2018-09-10 12:34:13',NULL),(50,0,'e5Su1eXn4b5sy7Fys7JP6KXxP4M822hUF0PxrTVL.jpeg',NULL,NULL,NULL,16,'2018-09-10 12:34:13','2018-09-10 12:34:13',NULL),(51,0,'C1sSnlLXaN7bPzabJUJAKpr4iK33JR0PWgaJHRAg.jpeg',NULL,NULL,NULL,16,'2018-09-10 12:34:13','2018-09-10 12:34:13',NULL),(52,0,'2h5338LxFPYyrANqw0lwlnlswm1LssTDVXK0FJ0T.jpeg',NULL,NULL,NULL,17,'2018-09-10 12:40:45','2018-09-10 12:40:45',NULL),(53,0,'dqONBlR1K4Ibn5Mc00CJYbhQ6XSUdar3smA4gZII.jpeg',NULL,NULL,NULL,17,'2018-09-10 12:40:45','2018-09-10 12:40:45',NULL),(54,0,'xJymtnDL5KgobKzabFu5FQTmnVl6mXfKsNxIZGdg.jpeg',NULL,NULL,NULL,17,'2018-09-10 12:40:45','2018-09-10 12:40:45',NULL),(55,0,'p2XpjqwfGIvPVvpJOzUkQMVbjGVvKCXIew03g71S.jpeg',NULL,NULL,NULL,17,'2018-09-10 12:40:45','2018-09-10 12:40:45',NULL),(56,0,'xhjL5FUXT2C3Uyr8cxRH8rjgDlOkb0rA8VnqTgqS.jpeg',NULL,NULL,NULL,18,'2018-09-10 12:47:56','2018-09-10 12:47:56',NULL),(57,0,'Lr75RU9WiqczqQwU0cylvuPDGXKlHrZouEplu9qE.jpeg',NULL,NULL,NULL,18,'2018-09-10 12:47:56','2018-09-10 12:47:56',NULL),(58,0,'d2zhVZEWDBNiDjns7cnXHJ3M7rw0FSfBoJL2vsMC.jpeg',NULL,NULL,NULL,18,'2018-09-10 12:47:56','2018-09-10 12:47:56',NULL),(59,0,'YwUgmAM0Lsm2Sahe4G1oUOHdCgwgdojPLgiN3bfa.jpeg',NULL,NULL,NULL,19,'2018-09-10 13:07:23','2018-09-10 13:07:23',NULL),(60,0,'XwYOm6EcrCNlHl7UpburIF4mg0zBBUdjyxxAstUC.jpeg',NULL,NULL,NULL,19,'2018-09-10 13:07:23','2018-09-10 13:07:23',NULL),(61,0,'9M3J6Muwy5PckgJV2iX9FlWTtibyOBwBrFoUOpf4.jpeg',NULL,NULL,NULL,20,'2018-09-10 13:08:51','2018-09-10 13:08:51',NULL),(62,0,'nt6PkBcRYOojVYuaRKTNMGLo1TbnlZ3Kyc0eUFjc.jpeg',NULL,NULL,NULL,20,'2018-09-10 13:08:51','2018-09-10 13:08:51',NULL),(63,0,'UnnhMUKWf73TcozgTLvIPh5F62i2G6W9LPuMtcjN.jpeg',NULL,NULL,NULL,21,'2018-09-10 14:32:22','2018-09-10 14:32:22',NULL),(64,0,'8AwlrUdxEvtVolG91wFB74ad6xj8CkXGbVRQQQm7.jpeg',NULL,NULL,NULL,21,'2018-09-10 14:32:22','2018-09-10 14:32:22',NULL),(65,0,'0WZ23MF6Ls4EatnmRwcWE9TnPx5GKwWslAc6OhVD.jpeg',NULL,NULL,NULL,21,'2018-09-10 14:32:22','2018-09-10 14:32:22',NULL),(66,0,'BO15O3CqRttOS26VMPnZxUaWIZkg27egXfyk5lei.jpeg',NULL,NULL,NULL,21,'2018-09-10 14:32:22','2018-09-10 14:32:22',NULL),(67,0,'4z839lgymU6dXzaiLDIRW3L9yj2jP7sUdyJJH7pt.jpeg',NULL,NULL,NULL,22,'2018-09-10 14:42:24','2018-09-10 14:42:24',NULL),(68,0,'AJXrOb5m8NWi36lLFBjWXPruqS73cH9l3v7xRzzY.jpeg',NULL,NULL,NULL,22,'2018-09-10 14:42:24','2018-09-10 14:42:24',NULL),(69,0,'dDJovFPn25aQEaDn6e4fusODBvJyb0X6h4L8IlO8.jpeg',NULL,NULL,NULL,22,'2018-09-10 14:42:25','2018-09-10 14:42:25',NULL),(70,0,'t0OGxljIrEVNjRhi5AgCmTGfWVJEdQRNdXLJmNr2.jpeg',NULL,NULL,NULL,22,'2018-09-10 14:42:25','2018-09-10 14:42:25',NULL),(71,0,'oPH9AT4UL5oGOZ7RFLc3Ha3RI6skLwHqkdXgbvFB.jpeg',NULL,NULL,NULL,23,'2018-09-10 14:47:40','2018-09-10 14:47:40',NULL),(72,0,'nxzUIbQ7r6j4VrQ5lsEUaBiEBB71bTJsie7MAO9W.jpeg',NULL,NULL,NULL,23,'2018-09-10 14:47:40','2018-09-10 14:47:40',NULL),(73,0,'RcLyj4Yp9866GEL4HleR8lXre4ur3djxV41RxUA7.jpeg',NULL,NULL,NULL,24,'2018-09-10 14:53:41','2018-09-10 14:53:41',NULL),(74,0,'v8yUy9RFrZlUPQ8mEYTsq6IVtFGxqyYCh4p5attj.jpeg',NULL,NULL,NULL,24,'2018-09-10 14:53:42','2018-09-10 14:53:42',NULL),(75,0,'SUoY9gr4u98SVTIqlVeuZOcC6u4MLOiOECVI9zoa.jpeg',NULL,NULL,NULL,24,'2018-09-10 14:53:42','2018-09-10 14:53:42',NULL),(76,0,'YqgNP0jRNL8UM3WJQGXgiCbX0ATg8MUPAUNqQsBj.jpeg',NULL,NULL,NULL,24,'2018-09-10 14:53:42','2018-09-10 14:53:42',NULL),(77,0,'10v1X9Amdb3Gd1cyLCUlAtI2QtA2lG7u874Tmzbh.jpeg',NULL,NULL,NULL,25,'2018-09-10 15:05:20','2018-09-10 15:05:20',NULL),(78,0,'P0lbRyd7CnX8zFckHegf8lUtIsU9v4ZOHMDNv2Ds.jpeg',NULL,NULL,NULL,25,'2018-09-10 15:05:21','2018-09-10 15:05:21',NULL),(79,0,'ltoY9TsES35SlkD2lrmIx07UztQJ3lut4DpH8wWg.jpeg',NULL,NULL,NULL,26,'2018-09-10 15:10:31','2018-09-10 15:10:31',NULL),(80,0,'OLcU9VohcK2quwxuYhvC04DAdIdbiCIbvwou4bc4.jpeg',NULL,NULL,NULL,26,'2018-09-10 15:10:31','2018-09-10 15:10:31',NULL),(81,0,'extJYSKOKYFvKSK0SCMUXV0DnFFZpEQpHl0TJzKt.jpeg',NULL,NULL,NULL,27,'2018-09-11 11:59:49','2018-09-11 11:59:49',NULL),(82,0,'foqLADNvHDWl9I13ctiT1rAPidNfYYvG2hWgqbEC.jpeg',NULL,NULL,NULL,27,'2018-09-11 11:59:49','2018-09-11 11:59:49',NULL),(83,0,'KqMCSNwEj8no74nhuiG7kU3M0fHVWWGAuJAatcl6.jpeg',NULL,NULL,NULL,27,'2018-09-11 11:59:50','2018-09-11 11:59:50',NULL),(84,0,'1zH7YXL8G1gnIo5fbUHOSJqZOdweZwovFrDUfBHj.jpeg',NULL,NULL,NULL,27,'2018-09-11 11:59:50','2018-09-11 11:59:50',NULL),(85,0,'QWrOExMYqXVgIUmC5Y2KCwZRtyoI5qHxcxJwlX4x.jpeg',NULL,NULL,NULL,28,'2018-09-11 12:05:14','2018-09-11 12:05:14',NULL),(86,0,'2wfn2l1X8BGUR6tUqKTiaMesXTJ260n9YFB2UQMy.jpeg',NULL,NULL,NULL,28,'2018-09-11 12:05:15','2018-09-11 12:05:15',NULL),(87,0,'Yr48hidfw7uCv0akpQXYH6nT7jnjg91ryBrkQjE0.jpeg',NULL,NULL,NULL,28,'2018-09-11 12:05:15','2018-09-11 12:05:15',NULL),(88,0,'bxU5OEWrUuaHWy7Y5K3L2L6ad8jlV3iJWeuVLJb0.jpeg',NULL,NULL,NULL,29,'2018-09-11 12:10:32','2018-09-11 12:10:32',NULL),(89,0,'M1lQBFcAws69bT9GRsFRVmhXU2bj6gMrIkzhsBje.jpeg',NULL,NULL,NULL,29,'2018-09-11 12:10:33','2018-09-11 12:10:33',NULL),(90,0,'WF3cqyvagdhZ245ARofQ5ui4xSLj57w264X4s9L4.jpeg',NULL,NULL,NULL,29,'2018-09-11 12:10:33','2018-09-11 12:10:33',NULL),(91,0,'cK912cACFnbfzRPIJroa1H2OmDgtupWY3RbhzXxG.jpeg',NULL,NULL,NULL,30,'2018-09-11 12:21:28','2018-09-11 12:21:28',NULL),(92,0,'aatIaqgX2PX2xz6QaTfKFbZl72GNmzeF45UzKPmZ.jpeg',NULL,NULL,NULL,30,'2018-09-11 12:21:28','2018-09-11 12:21:28',NULL),(93,0,'ZtF2TqZEOB05bvelMGbR0aFcfi8arL124AMdtW3C.jpeg',NULL,NULL,NULL,30,'2018-09-11 12:21:28','2018-09-11 12:21:28',NULL),(94,0,'hm5vDImCor2aUcjLMf3WuIeEuRn3GKFdwuqpTaas.jpeg',NULL,NULL,NULL,31,'2018-09-11 12:27:36','2018-09-11 12:27:36',NULL),(95,0,'zb8M876jv10hU9dGJcyuSCpRQzZgyIueBLvsj90q.jpeg',NULL,NULL,NULL,31,'2018-09-11 12:27:36','2018-09-11 12:27:36',NULL),(96,0,'gOlIH9nNx8WfHmWekMpuBN1QagumZqLVpR5usYTT.jpeg',NULL,NULL,NULL,32,'2018-09-11 12:33:19','2018-09-11 12:33:19',NULL),(97,0,'jyqvJjrDTYVPpZptY2nu7buzenQNLxfTzHPHLTO0.jpeg',NULL,NULL,NULL,32,'2018-09-11 12:33:20','2018-09-11 12:33:20',NULL),(98,0,'ZSFtMSAGfJitwPtlRr9aVdLIxZorM1x2rCXlxeK2.jpeg',NULL,NULL,NULL,32,'2018-09-11 12:33:20','2018-09-11 12:33:20',NULL),(99,0,'OgPClCyP7IJMuzh0h3DtlARAoFoH41ubM2gLqQA7.jpeg',NULL,NULL,NULL,33,'2018-09-11 12:47:13','2018-09-11 12:47:13',NULL),(100,0,'l0qxqSVvMoSpePr38lT7NyRLspSn2sBRit4MM4Fb.jpeg',NULL,NULL,NULL,33,'2018-09-11 12:47:14','2018-09-11 12:47:14',NULL),(101,0,'YDSJrZPurkSoGZidh1fNcdyfCZsH6Rx1EYQKVeuh.jpeg',NULL,NULL,NULL,34,'2018-09-11 13:03:25','2018-09-11 13:03:25',NULL),(102,0,'90nb25VvGhuv4bXte7MdQMoCQBIV99bcrxLWSiLS.jpeg',NULL,NULL,NULL,34,'2018-09-11 13:03:25','2018-09-11 13:03:25',NULL),(103,0,'IM32FZlnddtxEBOwk7t7NiqL5EnLMXQ4XhNGm3Eg.jpeg',NULL,NULL,NULL,34,'2018-09-11 13:03:25','2018-09-11 13:03:25',NULL),(104,0,'3ozMRUHBah9ScjOnfqA1IeneS0cO9KkoqxrRVMCD.jpeg',NULL,NULL,NULL,34,'2018-09-11 13:03:26','2018-09-11 13:03:26',NULL),(105,0,'Fx4hWQoDFT586af7Vc4Tl1F6UN16FyZaYvhHZyQ7.jpeg',NULL,NULL,NULL,35,'2018-09-11 13:56:05','2018-09-11 13:56:05',NULL),(106,0,'sSs7zFfizk3gHum5Hl2xE3MpZGNHAyBYdI0ruzRA.jpeg',NULL,NULL,NULL,35,'2018-09-11 13:56:06','2018-09-11 13:56:06',NULL),(107,0,'6HSvQECoedoFmcqN5RKcVXHxwkpAwEjxPNK4dmtg.jpeg',NULL,NULL,NULL,36,'2018-09-11 14:05:06','2018-09-11 14:05:06',NULL),(108,0,'GKeosE8VVHPY6NPByHGUwfceQV12zy2XdQeOBSgP.jpeg',NULL,NULL,NULL,36,'2018-09-11 14:05:07','2018-09-11 14:05:07',NULL),(109,0,'rJs4sVEBWm2mjtVuKH6RpwxNk24xJcHWrqQhq7yE.jpeg',NULL,NULL,NULL,37,'2018-09-11 14:10:34','2018-09-11 14:10:34',NULL),(110,0,'2LhfvRbqZiB3wK4sFkUlSKPs8ydZyL8eSayQfNkY.jpeg',NULL,NULL,NULL,37,'2018-09-11 14:10:34','2018-09-11 14:10:34',NULL),(111,0,'Pk36xdA7k9JSa5RRXmEF67ZJxb33hOSSpjBYYqH4.jpeg',NULL,NULL,NULL,38,'2018-09-12 12:36:29','2018-09-12 12:36:29',NULL),(112,0,'BE5LzfSev0EwuWU5ZvADkubxmyg0ZcqBmydFWs3g.jpeg',NULL,NULL,NULL,38,'2018-09-12 12:36:29','2018-09-12 12:36:29',NULL),(113,0,'sz7cD00VpoQMyUGguz5VSTuaPALtOdPZojbFq0AQ.jpeg',NULL,NULL,NULL,39,'2018-09-12 12:44:02','2018-09-12 12:44:02',NULL),(114,0,'E3B22MWaoydAZn1AXcZYRcTiV5xbR0CyM3karoYc.jpeg',NULL,NULL,NULL,39,'2018-09-12 12:44:02','2018-09-12 12:44:02',NULL),(115,0,'NWuOTbKvWKVOAnn52W07uokmERbAV7qDOYP1w1Ib.jpeg',NULL,NULL,NULL,40,'2018-09-12 12:54:41','2018-09-12 12:54:41',NULL),(116,0,'U8YCEhKX9Rmb9SGc05APWCT2ydeZQFrubnMzAIV0.jpeg',NULL,NULL,NULL,40,'2018-09-12 12:54:41','2018-09-12 12:54:41',NULL),(117,0,'wHQKADxNlPXURWxu6s0SOuUcvaDTuKUaB9NikdEQ.jpeg',NULL,NULL,NULL,41,'2018-09-12 13:00:26','2018-09-12 13:00:26',NULL),(118,0,'RTBJZNPkqi42N4NE3BFSNxccjyVnLclKtNxEhaZJ.jpeg',NULL,NULL,NULL,41,'2018-09-12 13:00:26','2018-09-12 13:00:26',NULL),(119,0,'6R5bX1upPKR5BEmKkD9UCeNjkD8OxaEkIQS6Cpvv.jpeg',NULL,NULL,NULL,42,'2018-09-12 13:05:49','2018-09-12 13:05:49',NULL),(120,0,'HS8IyBKwi09mVy3fHICwc7ObUZlMG0MwCJnUNYBY.jpeg',NULL,NULL,NULL,42,'2018-09-12 13:05:50','2018-09-12 13:05:50',NULL),(121,0,'Tf7uFq3Jiynbf9gwWYaWcggSQbs17e1kLhHcDSQG.jpeg',NULL,NULL,NULL,43,'2018-09-12 13:18:34','2018-09-12 13:18:34',NULL),(122,0,'F2cYfycXOVCTgb7f1F284CvypQJHgnwDs8zoJBfC.jpeg',NULL,NULL,NULL,43,'2018-09-12 13:18:34','2018-09-12 13:18:34',NULL),(123,0,'BMx2qKaNVIVvIyfinmkdY8MMWo731uZJ9toCuNQj.jpeg',NULL,NULL,NULL,43,'2018-09-12 13:18:34','2018-09-12 13:18:34',NULL),(124,0,'KF5vBFK7JRVU5K0AVYFGVczVVtZsx6IJgnjQDpoc.jpeg',NULL,NULL,NULL,44,'2018-09-12 13:23:57','2018-09-12 13:23:57',NULL),(125,0,'TbNTIglhspzITiRHccVYMo6tM4jbrYhtdai8iVix.jpeg',NULL,NULL,NULL,44,'2018-09-12 13:23:57','2018-09-12 13:23:57',NULL),(126,0,'atH7LlRqFfJTTyZQ2ws7lwO9vDNxGZbZf2VorxoQ.jpeg',NULL,NULL,NULL,45,'2018-09-12 13:40:19','2018-09-12 13:40:19',NULL),(127,0,'WVRU3dGFvvUZvz3qJAraVWWS7StwlkfQBRI20HGF.jpeg',NULL,NULL,NULL,45,'2018-09-12 13:40:19','2018-09-12 13:40:19',NULL),(128,0,'2HS80FIMNm2p2GXkmn6pt4n453zj9gPXAZKRrZ5L.jpeg',NULL,NULL,NULL,45,'2018-09-12 13:40:19','2018-09-12 13:40:19',NULL),(129,0,'QYGeCXK07eoHcHbWAppjG40dJJXGpLt5csGLcovu.jpeg',NULL,NULL,NULL,46,'2018-09-12 13:47:17','2018-09-12 13:47:17',NULL),(130,0,'ApvzuMuH6MzdYgEaDW34QXoxPn2Wsw3mcDqlGino.jpeg',NULL,NULL,NULL,46,'2018-09-12 13:47:17','2018-09-12 13:47:17',NULL),(131,0,'LTLlDLVx8Kd8OVsy0TVWTnmgs7kg0IOGOvOS0o58.jpeg',NULL,NULL,NULL,46,'2018-09-12 13:47:17','2018-09-12 13:47:17',NULL),(132,0,'L6dZEqofdihVUA5QD64r1DeCBrGVD3ZSluQJ3g9s.jpeg',NULL,NULL,NULL,47,'2018-09-12 13:53:27','2018-09-12 13:53:27',NULL),(133,0,'Ve9sXOl2HcXgU5R54gQ0WLGtqlGNaaVrCGj8w0Jv.jpeg',NULL,NULL,NULL,47,'2018-09-12 13:53:28','2018-09-12 13:53:28',NULL),(134,0,'graZZWRzzAZi9MWp40FBtxmXg89sp0nnVfBI1JHW.jpeg',NULL,NULL,NULL,48,'2018-09-12 14:08:59','2018-09-12 14:08:59',NULL),(135,0,'Dqk2UL2ZLt9GDMBKAgwHkNWOI60ZHFHAwUXQDYd6.jpeg',NULL,NULL,NULL,48,'2018-09-12 14:08:59','2018-09-12 14:08:59',NULL),(136,0,'XSwKZ1WvCDJYPv0jEuWNjoe6oTq6BTQK0CB2K3r1.jpeg',NULL,NULL,NULL,49,'2018-09-12 14:19:05','2018-09-12 14:19:05',NULL),(137,0,'0PjrotxNmTWqMb56ozj8SOK3V0elOBhDfmsfkcYq.jpeg',NULL,NULL,NULL,49,'2018-09-12 14:19:05','2018-09-12 14:19:05',NULL),(138,0,'DdwNSoue5Unn8y21PH9jeURVaAMCl0mjab9luwJX.jpeg',NULL,NULL,NULL,50,'2018-09-12 14:25:34','2018-09-12 14:25:34',NULL),(139,0,'7dnRm5d8rqIEgvrgSTLDdphWHyayeN8PlJgOkhBz.jpeg',NULL,NULL,NULL,50,'2018-09-12 14:25:34','2018-09-12 14:25:34',NULL),(140,0,'jqt0gNm8mHNOvNaMWoYz1vdqrGAFL4oWsPxBcXSv.jpeg',NULL,NULL,NULL,50,'2018-09-12 14:25:35','2018-09-12 14:25:35',NULL),(141,0,'rFKhfoOvsizEPSdbkOsB0jIGyoYABIQVZ4qppDbB.jpeg',NULL,NULL,NULL,51,'2018-09-12 15:02:24','2018-09-12 15:02:24',NULL),(142,0,'PVC65qo0jF8z2gmZnYIxEODUTsGYTEwsItLBJqYk.jpeg',NULL,NULL,NULL,51,'2018-09-12 15:02:24','2018-09-12 15:02:24',NULL),(143,0,'5vVkbGLLL0lox3QpaaATD417OkPBJysworPT1LcK.jpeg',NULL,NULL,NULL,52,'2018-09-12 15:07:43','2018-09-12 15:07:43',NULL),(144,0,'xkTcGnSbI0z1XLzCqbjCJKKKbCeBDGnr1EQPyDhP.jpeg',NULL,NULL,NULL,52,'2018-09-12 15:07:43','2018-09-12 15:07:43',NULL),(145,0,'fdySayY4Vc5FEGibme9lX9Sj3Zn16eTvOFo2S9Cs.jpeg',NULL,NULL,NULL,52,'2018-09-12 15:07:43','2018-09-12 15:07:43',NULL),(146,0,'SYqSGEPTgcvfJpxtYOS4Kk7I0XblrE1ZbO96YyXg.jpeg',NULL,NULL,NULL,53,'2018-09-12 15:21:58','2018-09-12 15:21:58',NULL),(147,0,'tSIQUowckzFJr4Ap9NFj2GjBJmxKVOh6ksUgmaum.jpeg',NULL,NULL,NULL,53,'2018-09-12 15:21:58','2018-09-12 15:21:58',NULL),(148,0,'xsvzMN4SPH1gd0jvqu1f6nuMT3O4rlc7Yo4AOwV6.jpeg',NULL,NULL,NULL,53,'2018-09-12 15:21:58','2018-09-12 15:21:58',NULL),(149,0,'0uNPoZYMJSEX1cRO5BygB4ApwvpH93Xluov8Kw9g.jpeg',NULL,NULL,NULL,54,'2018-09-12 15:30:10','2018-09-12 15:30:10',NULL),(150,0,'iGqbrhm6F12z8spsu3HeYxwFQnbunUUxW9KJfD59.jpeg',NULL,NULL,NULL,54,'2018-09-12 15:30:10','2018-09-12 15:30:10',NULL),(151,0,'0izGBG0oVCOsacwDPTaMNxwuHGcMif8raXEJRdz6.jpeg',NULL,NULL,NULL,54,'2018-09-12 15:30:11','2018-09-12 15:30:11',NULL),(152,0,'f3AdNRoPe7UTdmTnko1FzOueNg6oKkOreYy4GnSC.jpeg',NULL,NULL,NULL,55,'2018-09-12 15:34:00','2018-09-12 15:34:00',NULL),(153,0,'6cMOJ8YcfUfUnN4YJ6ihi7q6NbIJphQRnEhWztmN.jpeg',NULL,NULL,NULL,56,'2018-09-15 13:09:28','2018-09-15 13:09:28',NULL),(154,0,'50qgsK3sGNQOOAHzvYQCyLyJVGT7vHAkhEovT0KV.jpeg',NULL,NULL,NULL,57,'2018-09-15 14:18:41','2018-09-15 14:18:41',NULL),(155,0,'erK2EaLhsB0tOeGMWyfKrxwA94ZpONaIAuDj63PO.jpeg',NULL,NULL,NULL,57,'2018-09-15 14:18:41','2018-09-15 14:18:41',NULL),(156,0,'K43XnvkzPACYdDcoAFULUTdr4ZxZgTa4pYGI8FPd.jpeg',NULL,NULL,NULL,58,'2018-09-17 07:35:04','2018-09-17 07:35:04',NULL),(157,0,'DdrN1ipQr2EqFAWE7UY3TCX3PQoUuCyS6RpwPvuj.jpeg',NULL,NULL,NULL,58,'2018-09-17 07:35:05','2018-09-17 07:35:05',NULL),(158,0,'W5ne6ePoNFGtyiPeCFiKLBUs0MUCB8waX1ujVBN8.jpeg',NULL,NULL,NULL,58,'2018-09-17 07:35:05','2018-09-17 07:35:05',NULL),(159,0,'Rnzar1YaNhiO8px2paRYFhG6yyvpCKCAJY8Og1DG.jpeg',NULL,NULL,NULL,59,'2018-09-17 07:38:31','2018-09-17 07:38:31',NULL),(160,0,'R1v843dJiRF8JjEXN0cHyBsjbQtplYhYCFR5Sc34.jpeg',NULL,NULL,NULL,59,'2018-09-17 07:38:31','2018-09-17 07:38:31',NULL),(161,0,'mfoNewWHHPtzmBXNDAInKDDJTTLZnWtirrlQxoZu.jpeg',NULL,NULL,NULL,60,'2018-09-17 07:57:39','2018-09-17 07:57:39',NULL),(162,0,'LrT4oKdpmovMP4RxQ9ElN85D5J0hKNuVAxjf9pMD.jpeg',NULL,NULL,NULL,60,'2018-09-17 07:57:39','2018-09-17 07:57:39',NULL),(163,0,'1HNnJUTdyMF6aXD5xM6d9BL1lE6LKBMnZ9d27rlR.jpeg',NULL,NULL,NULL,61,'2018-09-17 08:04:13','2018-09-17 08:04:13',NULL),(164,0,'7JcLWeHUkYBRC6WGAGogXllKkG7w6x3JOlMVRTDK.jpeg',NULL,NULL,NULL,61,'2018-09-17 08:04:13','2018-09-17 08:04:13',NULL),(165,0,'7lgkGoUudY9bUuhz6KidxrvPN74krciN6FBlLKxV.jpeg',NULL,NULL,NULL,62,'2018-09-17 08:09:03','2018-09-17 08:09:03',NULL),(166,0,'i8KOEvXBlwlM2gKioPKPRqitRt0HRL0boP3rHpFO.jpeg',NULL,NULL,NULL,62,'2018-09-17 08:09:04','2018-09-17 08:09:04',NULL),(167,0,'0RfZaJWiNJCcc3JuFwJlxDP0a2Osyd0crJ6e4A6s.jpeg',NULL,NULL,NULL,62,'2018-09-17 08:09:04','2018-09-17 08:09:04',NULL),(168,0,'CqtVpxkNTg1LqSWcDXxH6GW1DbWM8vaObgZR7dKF.jpeg',NULL,NULL,NULL,63,'2018-09-17 08:18:38','2018-09-17 08:18:38',NULL),(169,0,'sk1UPHeHvGoErtrXIcmealLaAL3sRPh7FJSh8boL.jpeg',NULL,NULL,NULL,63,'2018-09-17 08:18:38','2018-09-17 08:18:38',NULL),(170,0,'MsbI9gs1DX4uUbSyWOiCTOxPzKV7y59h73uSgeSV.jpeg',NULL,NULL,NULL,64,'2018-09-17 08:22:14','2018-09-17 08:22:14',NULL),(171,0,'3bqoLqgXxDhFqiIXMSAExS9WDRTiJf9npfUOwzBZ.jpeg',NULL,NULL,NULL,64,'2018-09-17 08:22:14','2018-09-17 08:22:14',NULL),(172,0,'sgBVi1Rn81KxT66cPMZw2Y7YcbgvvwDJEoJPQpYp.jpeg',NULL,NULL,NULL,65,'2018-09-17 08:25:07','2018-09-17 08:25:07',NULL),(173,0,'85OnBhv0CaiSghroZqnstNywuLsgThC5RHTxlH6Y.jpeg',NULL,NULL,NULL,65,'2018-09-17 08:25:07','2018-09-17 08:25:07',NULL),(174,0,'omqmHj7kOwfoOEe2S9kWeU7M06cluLmwHTT7qwP5.jpeg',NULL,NULL,NULL,66,'2018-09-17 09:18:59','2018-09-17 09:18:59',NULL),(175,0,'UQnmiDR96qJtXmaeXeQePtRzniXuvtFTg3yodPnx.jpeg',NULL,NULL,NULL,66,'2018-09-17 09:19:00','2018-09-17 09:19:00',NULL),(176,0,'2TuDQH3R2RmoB4HCrN1QqRL9zhQg1A87eZ8UCLX2.jpeg',NULL,NULL,NULL,66,'2018-09-17 09:19:00','2018-09-17 09:19:00',NULL),(177,0,'l4FNrrYbdZpJ9OWqyOwnLyyE0uuRMgno6VU44RUm.jpeg',NULL,NULL,NULL,67,'2018-09-24 08:42:35','2018-09-24 08:42:35',NULL),(178,0,'GuSFQf7zVF1o87HfXnLQNmTfTmROMxtzuOq33F6v.jpeg',NULL,NULL,NULL,67,'2018-09-24 08:42:35','2018-09-24 08:42:35',NULL),(179,0,'AatH3Ce5EhkbBKrWqMGnnzMhjWeDjulukAXquRH8.jpeg',NULL,NULL,NULL,68,'2018-09-24 08:48:29','2018-09-24 08:48:29',NULL),(180,0,'5q7aLxYSwS5LDL1CR2s7Ig1ODopGoK8d4u5Dgleq.jpeg',NULL,NULL,NULL,68,'2018-09-24 08:48:29','2018-09-24 08:48:29',NULL),(181,0,'vuIorApt6CzigpxssRHGhpnlU3wO7daKLhMZ8JMA.jpeg',NULL,NULL,NULL,68,'2018-09-24 08:48:30','2018-09-24 08:48:30',NULL),(182,0,'4HNHTMTHknvv5khTJyO9jtwIbmLbaqgbmh4bv3Zt.jpeg',NULL,NULL,NULL,69,'2018-09-24 08:53:49','2018-09-24 08:53:49',NULL),(183,0,'xPnCAMCX4zzbHB0Jy3Ha8fV73O4z4HzIqTPM4hg6.jpeg',NULL,NULL,NULL,69,'2018-09-24 08:53:49','2018-09-24 08:53:49',NULL),(184,0,'wTR4kmgtIaPxkHx4WREZOMzqr7OZEgfcNwpLoAQJ.jpeg',NULL,NULL,NULL,69,'2018-09-24 08:53:49','2018-09-24 08:53:49',NULL),(185,0,'dL6QDQtI4gJ9dPioOqTJSe57BnTtNfhJfdus9iEM.jpeg',NULL,NULL,NULL,70,'2018-09-24 09:01:15','2018-09-24 09:01:15',NULL),(186,0,'2dSdtuAdqCk8OkISVJ6VKqbej8vYNzMGVTh88LOD.jpeg',NULL,NULL,NULL,70,'2018-09-24 09:01:15','2018-09-24 09:01:15',NULL),(187,0,'DX7B7jwWWEd5G1MleLiCkDQVz0WrtWg2LIgY2ADh.jpeg',NULL,NULL,NULL,70,'2018-09-24 09:01:16','2018-09-24 09:01:16',NULL),(188,0,'mZTQtLHxdzKVo7crycjTMtiqeMVZ00rs4rbdOa44.jpeg',NULL,NULL,NULL,71,'2018-09-24 09:05:09','2018-09-24 09:05:09',NULL),(189,0,'aHCp4B2u2ieMY13wCIfDTPwcf4L5VVduiC1ydSWD.jpeg',NULL,NULL,NULL,71,'2018-09-24 09:05:09','2018-09-24 09:05:09',NULL),(190,0,'TAE9qvqezm083p1YI5dwOilkqKWMG7dRjs1a4rIh.jpeg',NULL,NULL,NULL,72,'2018-09-24 09:12:56','2018-09-24 09:12:56',NULL),(191,0,'L3QYphBnOweit2fwXSFftNWQThP9llRu5iPpCwqY.jpeg',NULL,NULL,NULL,72,'2018-09-24 09:12:57','2018-09-24 09:12:57',NULL),(192,0,'NcIIGPGFDwQUDrB13T6Xcb9S1RNJcxFbA8R8fps4.jpeg',NULL,NULL,NULL,72,'2018-09-24 09:12:57','2018-09-24 09:12:57',NULL),(193,0,'NWdAILob853xHioT8RfhH2h7slarQ8jaz2OC9Bby.jpeg',NULL,NULL,NULL,73,'2018-09-24 09:16:09','2018-09-24 09:16:09',NULL),(194,0,'f1S0yLfJodbm8XOISCjNzSKFKdBxX8gKnZi8blEJ.jpeg',NULL,NULL,NULL,73,'2018-09-24 09:16:09','2018-09-24 09:16:09',NULL),(195,0,'RdNxdXoPntroNOK0IvFBceKJEYYcxlNU5zv4J5X3.jpeg',NULL,NULL,NULL,74,'2018-09-24 12:29:26','2018-09-24 12:29:26',NULL),(196,0,'AeVvdTxpy72CA2qXFXem81bJkCBkg7kVzVPj7l97.jpeg',NULL,NULL,NULL,74,'2018-09-24 12:29:26','2018-09-24 12:29:26',NULL),(197,0,'7j5zVMGVXj0B3P6Wz2igK2cHDj7ddOksYt303Ff8.jpeg',NULL,NULL,NULL,74,'2018-09-24 12:29:27','2018-09-24 12:29:27',NULL),(198,0,'vj42qwk2AY0gaEO2Uzy56K8MGtaBW3K3JGkiyneA.jpeg',NULL,NULL,NULL,75,'2018-09-24 12:34:57','2018-09-24 12:34:57',NULL),(199,0,'LywBqC55DTWUw6gn9ps8ibyMpxb6ZpvaU3rIgzWX.jpeg',NULL,NULL,NULL,75,'2018-09-24 12:34:58','2018-09-24 12:34:58',NULL),(200,0,'SgXlyRMqz05JUBJtQttL6o2CMNArQ6B3xc8Vdi6f.jpeg',NULL,NULL,NULL,76,'2018-09-24 12:43:47','2018-09-24 12:43:47',NULL),(201,0,'UUydQJIjB170OlFIZCp3My8rhZtulmklo7ZdZec2.jpeg',NULL,NULL,NULL,76,'2018-09-24 12:43:47','2018-09-24 12:43:47',NULL),(202,0,'fwOCOIn6i9Sz04Cmi5eJmAiOEtMJdpyRYMdPs6Pp.jpeg',NULL,NULL,NULL,76,'2018-09-24 12:43:47','2018-09-24 12:43:47',NULL),(203,0,'iYeEUhnE2zAFvFXGyGVGqDumsdGVmQtvwPlP9FfV.jpeg',NULL,NULL,NULL,77,'2018-09-24 12:48:07','2018-09-24 12:48:07',NULL),(204,0,'cKzAnUjfG0ANwxFl8adBCTxb5JSzcOrlF2iikQOU.jpeg',NULL,NULL,NULL,77,'2018-09-24 12:48:07','2018-09-24 12:48:07',NULL),(205,0,'PcxzRQTXn4sUrYLBaVglFdml40uaaEISeS0MtNsx.jpeg',NULL,NULL,NULL,78,'2018-09-25 12:23:48','2018-09-25 12:23:48',NULL),(206,0,'D6lWy1MI23WGNlkyOXzeM4LtrSZHSDaXFRsSI1dN.jpeg',NULL,NULL,NULL,78,'2018-09-25 12:23:49','2018-09-25 12:23:49',NULL),(207,0,'XbqP7m2NXvQiuWH7krKwM24Nqvj1Sf0iKofb4Woi.jpeg',NULL,NULL,NULL,78,'2018-09-25 12:23:49','2018-09-25 12:23:49',NULL),(208,0,'ca5dnj7Zy5Dis6CcKDQYpHqk7sp0zNHbcdWZ7VwM.jpeg',NULL,NULL,NULL,79,'2018-09-25 12:27:43','2018-09-25 12:27:43',NULL),(209,0,'U4SqMX3xl5OaR2c26bj9edgStcDwZMWVwdaVEauG.jpeg',NULL,NULL,NULL,79,'2018-09-25 12:27:43','2018-09-25 12:27:43',NULL),(210,0,'O4XpofjQGOq3wO4XRla65wpGkqtNvzmFzgPqg1nG.jpeg',NULL,NULL,NULL,80,'2018-09-25 12:31:48','2018-09-25 12:31:48',NULL),(211,0,'dIi9aWPS20NS25Fv1H6jQDgObd77hHityJT2s9Zb.jpeg',NULL,NULL,NULL,80,'2018-09-25 12:31:48','2018-09-25 12:31:48',NULL),(212,0,'TAnpoU5eM0GAMzKW7a9Wxlbj6V96lYwlswFwD0pD.jpeg',NULL,NULL,NULL,80,'2018-09-25 12:31:48','2018-09-25 12:31:48',NULL),(213,0,'nJSfYinXk02qkngmLobtLlt7aoYpIwj017PtEm9E.jpeg',NULL,NULL,NULL,81,'2018-09-25 12:40:14','2018-09-25 12:40:14',NULL),(214,0,'L74KgL5wKHLHuoyTHS4j4ITE1U5xsWeOq4s07L42.jpeg',NULL,NULL,NULL,81,'2018-09-25 12:40:14','2018-09-25 12:40:14',NULL),(215,0,'Om5ErbLH9vn4tx9NHmtO938dqgCapcZsCTBKbNuX.jpeg',NULL,NULL,NULL,81,'2018-09-25 12:40:14','2018-09-25 12:40:14',NULL),(216,0,'GHhNkWnBloMZs9wVrtuEh4myztEVmhkXbU6DSuJA.jpeg',NULL,NULL,NULL,82,'2018-09-25 12:47:07','2018-09-25 12:47:07',NULL),(217,0,'CzOycn54ObbJqzfpFRFOXD4Evh8GenWkg1flBTP8.jpeg',NULL,NULL,NULL,82,'2018-09-25 12:47:08','2018-09-25 12:47:08',NULL),(218,0,'jJ28te6DJ0TYj2qSat19fAZMRXwZSeiLV5Ad8upe.jpeg',NULL,NULL,NULL,83,'2018-09-25 13:05:44','2018-09-25 13:05:44',NULL),(219,0,'mBdkEkWgASEJC5BVQYzRDv6HwNKwXA2EQ8Wcw3Iu.jpeg',NULL,NULL,NULL,83,'2018-09-25 13:05:45','2018-09-25 13:05:45',NULL),(220,0,'to3NvXtITVNid6bwDAPtLWGQh7WwVp8fC5tLSHXm.jpeg',NULL,NULL,NULL,83,'2018-09-25 13:05:45','2018-09-25 13:05:45',NULL),(221,0,'ODzqZegBsqhH0hUBEkfbCUk1Of2mraSQ12jyRtgT.jpeg',NULL,NULL,NULL,84,'2018-09-25 13:14:36','2018-09-25 13:14:36',NULL),(222,0,'smPlT9qCnHJiUPM3tMdipV4CzWxZuqZlof7wSsS1.jpeg',NULL,NULL,NULL,84,'2018-09-25 13:14:36','2018-09-25 13:14:36',NULL),(223,0,'GOXkTtjCQzYZACI8Nji6eVvLL842Ud3IpLPIeTVk.jpeg',NULL,NULL,NULL,85,'2018-09-25 13:21:33','2018-09-25 13:21:33',NULL),(224,0,'AslDINfTRquqm706hQXLJy1pkCPaoA5SOLRWR4Vy.jpeg',NULL,NULL,NULL,85,'2018-09-25 13:21:34','2018-09-25 13:21:34',NULL),(225,0,'E0sxhauPCPpbWTv9QqPFf62I80S7q1Fu8wEaQ8Dk.jpeg',NULL,NULL,NULL,85,'2018-09-25 13:21:34','2018-09-25 13:21:34',NULL),(226,0,'2DC14BqpOlqYpIaEIB1R9uZxIYmTlrih0IhO5sY8.jpeg',NULL,NULL,NULL,86,'2018-09-25 13:29:33','2018-09-25 13:29:33',NULL),(227,0,'mGZf2MctABjitNNEcFtzN8WM5TJYDfzL4quaz1Gl.jpeg',NULL,NULL,NULL,86,'2018-09-25 13:29:34','2018-09-25 13:29:34',NULL),(228,0,'n5hmBcL6kfBzdIKFUu6jWi70Zl6RIAQHR09M10LA.jpeg',NULL,NULL,NULL,87,'2018-09-25 13:34:23','2018-09-25 13:34:23',NULL),(229,0,'F55zXVT2GICt79pZv5f0b4dx7pOElX4WQdufgtxI.jpeg',NULL,NULL,NULL,87,'2018-09-25 13:34:23','2018-09-25 13:34:23',NULL),(230,0,'KJo5RBNitkSwkSvcK9670ixFrpPTv89ZSpARoBj2.jpeg',NULL,NULL,NULL,87,'2018-09-25 13:34:23','2018-09-25 13:34:23',NULL),(231,0,'6J7OEDj6FnC3KZiLA2c1nJOQ8BhJNhiR6pVbnU9k.jpeg',NULL,NULL,NULL,88,'2018-09-25 13:39:30','2018-09-25 13:39:30',NULL),(232,0,'66basiFUrXCoXHw3wv74VrMqQPbiEf3CG9YxnrqO.jpeg',NULL,NULL,NULL,88,'2018-09-25 13:39:30','2018-09-25 13:39:30',NULL),(233,0,'hrNdys42uoiavJQuAdoPr7Kh4wCCH2YAHZx8jBPL.jpeg',NULL,NULL,NULL,89,'2018-09-25 13:44:36','2018-09-25 13:44:36',NULL),(234,0,'UzaB6NdKer8rbNJ7HzmU3vSvwqfgk0SBX4obb7qt.jpeg',NULL,NULL,NULL,89,'2018-09-25 13:44:36','2018-09-25 13:44:36',NULL),(235,0,'apIupMFySitwV2IMvTDJUBYE2KOP98lZYNu91IwM.jpeg',NULL,NULL,NULL,90,'2018-09-25 13:48:48','2018-09-25 13:48:48',NULL),(236,0,'LoRh9TzhbrEGSxbGeJHuPqwX58apuaye2pI6meYc.jpeg',NULL,NULL,NULL,91,'2018-09-25 13:53:18','2018-09-25 13:53:18',NULL),(237,0,'UiFgR73CgjhkolJD7RtAYKBUbos4eYbNQ502QnhO.jpeg',NULL,NULL,NULL,91,'2018-09-25 13:53:19','2018-09-25 13:53:19',NULL),(238,0,'Ri8mo5gxvmmiU3bDWJpazCkALQ4Zs3iDZgKIHasW.jpeg',NULL,NULL,NULL,91,'2018-09-25 13:53:19','2018-09-25 13:53:19',NULL),(239,0,'ND0h7tn7wJFN7bQ0OUvtOr1nkY9CZPlN1a0onIHc.jpeg',NULL,NULL,NULL,35,'2018-09-25 13:56:59','2018-09-25 13:56:59',NULL),(240,0,'lL4qSTLLJKIFERV79zIpj3yIRcuZXfC1d7eEwh93.jpeg',NULL,NULL,NULL,35,'2018-09-25 13:56:59','2018-09-25 13:56:59',NULL),(241,0,'pYFYUs8z1mWiDx03vEGJueX8TL9kRA23aTb0FevE.jpeg',NULL,NULL,NULL,35,'2018-09-25 13:56:59','2018-09-25 13:56:59',NULL),(242,0,'2hK05q5ckM1qSWMHmAknMKlx3PkmnmaiopS71edF.jpeg',NULL,NULL,NULL,92,'2018-09-25 14:03:23','2018-09-25 14:03:23',NULL),(243,0,'ODFW14MldfdRBYA6RRYWerLMAH0EXfdVZtZumzBN.jpeg',NULL,NULL,NULL,92,'2018-09-25 14:03:23','2018-09-25 14:03:23',NULL),(244,0,'DM9yFXPg5pcJ14O5eJsejJrS91GsV1BkASNOCYbK.jpeg',NULL,NULL,NULL,93,'2018-09-25 14:08:44','2018-09-25 14:08:44',NULL),(245,0,'kztL6ueXEz2lUudJKmJw1Za9u7vI0MHWjjuC73ct.jpeg',NULL,NULL,NULL,93,'2018-09-25 14:08:44','2018-09-25 14:08:44',NULL),(246,0,'V566S1DcnpepKPE5PrpAG2givaMN5No9h3NI3HBk.jpeg',NULL,NULL,NULL,93,'2018-09-25 14:08:44','2018-09-25 14:08:44',NULL),(247,0,'iLHZDRfCBr9yyAP8M15NQmjFT1ZIjLspz16yfQxM.jpeg',NULL,NULL,NULL,94,'2018-09-25 14:13:12','2018-09-25 14:13:12',NULL),(248,0,'p6j0tKPiTy6lRFokK82s37R2jECkeMt1TbqEWiTK.jpeg',NULL,NULL,NULL,94,'2018-09-25 14:13:12','2018-09-25 14:13:12',NULL),(249,0,'79DzyRa2CGHZ8VtVQkdSxpDmTVGuzcffAwsmmMaH.jpeg',NULL,NULL,NULL,94,'2018-09-25 14:13:12','2018-09-25 14:13:12',NULL),(250,0,'hqMJ3jAC5Nm7WQjXHqLlGy98xjPcPThgs5F5iDjq.jpeg',NULL,NULL,NULL,95,'2018-09-25 14:17:24','2018-09-25 14:17:24',NULL),(251,0,'yxHoTIe7vfnOTHqRfTPIv8P3JN99S5ZWB7qRFJ8z.jpeg',NULL,NULL,NULL,95,'2018-09-25 14:17:24','2018-09-25 14:17:24',NULL),(252,0,'0vzm7FLnq0v2sDS1t91weKT9NcwZcBLHQlSjBovd.jpeg',NULL,NULL,NULL,95,'2018-09-25 14:17:25','2018-09-25 14:17:25',NULL),(253,0,'6MZszazRTqK8d5RhI0AHZGAm50KpZieRIxR8BhJu.jpeg',NULL,NULL,NULL,96,'2018-10-06 14:01:32','2018-10-06 14:01:32',NULL),(254,0,'rJtpL0SYzEjxKi7wlMhcDyhxc7V38TuYGRvd3RCd.jpeg',NULL,NULL,NULL,96,'2018-10-06 14:01:32','2018-10-06 14:01:32',NULL),(255,0,'CC2GO7Tzb3aNmA0MIA4cRCTEWFpsuD1elf56iN5B.jpeg',NULL,NULL,NULL,96,'2018-10-06 14:01:32','2018-10-06 14:01:32',NULL);
/*!40000 ALTER TABLE `images` ENABLE KEYS */;
UNLOCK TABLES;

--
-- Table structure for table `ltm_translations`
--

DROP TABLE IF EXISTS `ltm_translations`;
/*!40101 SET @saved_cs_client     = @@character_set_client */;
/*!40101 SET character_set_client = utf8 */;
CREATE TABLE `ltm_translations` (
  `id` int(10) unsigned NOT NULL AUTO_INCREMENT,
  `status` int(11) NOT NULL DEFAULT '0',
  `locale` varchar(255) COLLATE utf8mb4_unicode_ci NOT NULL,
  `group` varchar(255) COLLATE utf8mb4_unicode_ci NOT NULL,
  `key` varchar(255) COLLATE utf8mb4_unicode_ci NOT NULL,
  `value` text COLLATE utf8mb4_unicode_ci,
  `created_at` timestamp NULL DEFAULT NULL,
  `updated_at` timestamp NULL DEFAULT NULL,
  PRIMARY KEY (`id`)
) ENGINE=InnoDB AUTO_INCREMENT=636 DEFAULT CHARSET=utf8mb4 COLLATE=utf8mb4_unicode_ci;
/*!40101 SET character_set_client = @saved_cs_client */;

--
-- Dumping data for table `ltm_translations`
--

LOCK TABLES `ltm_translations` WRITE;
/*!40000 ALTER TABLE `ltm_translations` DISABLE KEYS */;
INSERT INTO `ltm_translations` VALUES (1,1,'ar','auth','failed','بيانات الاعتماد هذه غير متطابقة مع البيانات المسجلة لدينا.','2018-09-29 19:25:29','2018-09-29 19:25:29'),(2,1,'ar','auth','throttle','عدد كبير جدا من محاولات الدخول. يرجى المحاولة مرة أخرى بعد :seconds ثانية.','2018-09-29 19:25:29','2018-09-29 19:25:29'),(3,1,'ar','cart','clear_shopping_cart','الغاء عربة التسوق','2018-09-29 19:25:29','2018-09-29 19:25:29'),(4,1,'ar','cart','continue_shopping','استمرار التسوق','2018-09-29 19:25:29','2018-09-29 19:25:29'),(5,1,'ar','cart','empty','لا يحتوي على أية منتجات','2018-09-29 19:25:29','2018-09-29 19:25:29'),(6,1,'ar','cart','enter_ur_destination','اضف جهة الاستلام','2018-09-29 19:25:29','2018-09-29 19:25:29'),(7,1,'ar','cart','estimate_shipping_and_tax','قيمة تقديرية للشحن والضريبة','2018-09-29 19:25:29','2018-09-29 19:25:29'),(8,1,'ar','cart','image','صورة','2018-09-29 19:25:29','2018-09-29 19:25:29'),(9,1,'ar','cart','proceed_to_checkout','الدخول لعملية الدفع','2018-09-29 19:25:29','2018-09-29 19:25:29'),(10,1,'ar','cart','product_name','اسم المنتج','2018-09-29 19:25:29','2018-09-29 19:25:29'),(11,1,'ar','cart','qty','الكمية','2018-09-29 19:25:29','2018-09-29 19:25:29'),(12,1,'ar','cart','browse','استمرار','2018-09-29 19:25:29','2018-09-29 19:25:29'),(13,1,'ar','cart','remove','حذف','2018-09-29 19:25:29','2018-09-29 19:25:29'),(14,1,'ar','cart','shopping_cart','عربة التسوق','2018-09-29 19:25:29','2018-09-29 19:25:29'),(15,1,'ar','cart','sub_total','المجمول الكلي','2018-09-29 19:25:29','2018-09-29 19:25:29'),(16,1,'ar','cart','unit_price','سعر الوحدة','2018-09-29 19:25:29','2018-09-29 19:25:29'),(17,1,'ar','cart','update_shopping_cart','تحديث عربة التسوق','2018-09-29 19:25:29','2018-09-29 19:25:29'),(18,1,'ar','cart','updated','تم التحديث','2018-09-29 19:25:29','2018-09-29 19:25:29'),(19,1,'ar','cart','use_coupon','استخدم كوبون','2018-09-29 19:25:29','2018-09-29 19:25:29'),(20,1,'ar','cart','clear_cart','الغاء عربة التسوق','2018-09-29 19:25:29','2018-09-29 19:25:29'),(21,0,'ar','general','mail_sent','تحقق من بريدك الالكتروني','2018-09-29 19:25:29','2018-10-16 17:36:32'),(22,0,'ar','general','message.warning.product_meta','بيانات المنتج','2018-09-29 19:25:29','2018-10-16 17:36:32'),(23,0,'ar','general','message.warning.no_sizes','لا يوجد قياس','2018-09-29 19:25:29','2018-10-16 17:36:32'),(24,0,'ar','general','message.warning.no_tags','لا يوجد وسم','2018-09-29 19:25:29','2018-10-16 17:36:32'),(25,0,'ar','general','message.warning.no_colors','لايوجد لون','2018-09-29 19:25:29','2018-10-16 17:36:32'),(26,0,'ar','general','message.warning.no_categories','لا يوجد تصنيف','2018-09-29 19:25:29','2018-10-16 17:36:32'),(27,0,'ar','general','message.error.no_categories','لا يوجد تصنيف','2018-09-29 19:25:29','2018-10-16 17:36:32'),(28,0,'ar','general','message.order_created','تم انشاء الطلب','2018-09-29 19:25:29','2018-10-16 17:36:32'),(29,0,'ar','general','message.success.product_update','تم تحديث المنتج','2018-09-29 19:25:29','2018-10-16 17:36:32'),(30,0,'ar','general','messsage.warning.create_new','messsage.warning.create_new	','2018-09-29 19:25:29','2018-10-16 17:36:32'),(31,0,'ar','general','size','الحجم','2018-09-29 19:25:29','2018-10-16 17:36:32'),(32,0,'ar','general','price','السعر','2018-09-29 19:25:29','2018-10-16 17:36:32'),(33,0,'ar','general','range','المدى','2018-09-29 19:25:29','2018-10-16 17:36:32'),(34,0,'ar','general','sort_by','الترتيب عن طريق','2018-09-29 19:25:29','2018-10-16 17:36:32'),(35,0,'ar','general','highest','الأعلى','2018-09-29 19:25:29','2018-10-16 17:36:32'),(36,0,'ar','general','lowest','الأقل','2018-09-29 19:25:29','2018-10-16 17:36:32'),(37,0,'ar','general','tags','كلمات مفتاحية','2018-09-29 19:25:29','2018-10-16 17:36:32'),(38,0,'ar','general','shopping_options','خيارات التسوق','2018-09-29 19:25:29','2018-10-16 17:36:32'),(39,0,'ar','general','color','اللون','2018-09-29 19:25:29','2018-10-16 17:36:32'),(40,0,'ar','general','home','الصفحة الرئيسية','2018-09-29 19:25:29','2018-10-16 17:36:32'),(41,0,'ar','general','index','index','2018-09-29 19:25:29','2018-10-16 17:36:32'),(42,0,'ar','general','position','موقع','2018-09-29 19:25:29','2018-10-16 17:36:32'),(43,0,'ar','general','name','الأسم','2018-09-29 19:25:29','2018-10-16 17:36:32'),(44,0,'ar','general','subcategories','تصنيف فرعي','2018-09-29 19:25:29','2018-10-16 17:36:32'),(45,0,'ar','general','view_details','مشاهدة التفاصيل','2018-09-29 19:25:29','2018-10-16 17:36:32'),(46,0,'ar','general','close','إغلاق','2018-09-29 19:25:29','2018-10-16 17:36:32'),(47,0,'ar','general','sale','خصم','2018-09-29 19:25:29','2018-10-16 17:36:32'),(48,0,'ar','general','new','جديد','2018-09-29 19:25:29','2018-10-16 17:36:32'),(49,0,'ar','general','view_product_details','تفاصيل المنتج','2018-09-29 19:25:29','2018-10-16 17:36:32'),(50,0,'ar','general','product_description','وصف المنتج','2018-09-29 19:25:29','2018-10-16 17:36:32'),(51,0,'ar','general','product_tags','الكلمات المفتاحية للمنتج','2018-09-29 19:25:29','2018-10-16 17:36:32'),(52,0,'ar','general','login','تسجيل الدخول','2018-09-29 19:25:29','2018-10-16 17:36:32'),(53,0,'ar','general','payment_information','بيانات الدفع','2018-09-29 19:25:29','2018-10-16 17:36:32'),(54,0,'ar','general','order_review','مراجعة الطلب','2018-09-29 19:25:29','2018-10-16 17:36:32'),(55,0,'ar','general','password','كلمة السر','2018-09-29 19:25:29','2018-10-16 17:36:32'),(56,0,'ar','general','cash_on_delivery','الدفع عند التوصيل','2018-09-29 19:25:29','2018-10-16 17:36:32'),(57,0,'ar','general','continue','استمرار','2018-09-29 19:25:29','2018-10-16 17:36:32'),(58,0,'ar','general','country','الدولة','2018-09-29 19:25:29','2018-10-16 17:36:32'),(59,0,'ar','general','delivery_within_4_days','التوصيل خلال 4 أيام','2018-09-29 19:25:29','2018-10-16 17:36:32'),(60,0,'ar','general','phone','هاتف','2018-09-29 19:25:29','2018-10-16 17:36:32'),(61,0,'ar','general','area','المنطقة','2018-09-29 19:25:29','2018-10-16 17:36:32'),(62,0,'ar','general','block','قطعه','2018-09-29 19:25:29','2018-10-16 17:36:32'),(63,0,'ar','general','street','شارع','2018-09-29 19:25:29','2018-10-16 17:36:32'),(64,0,'ar','general','floor','الدور','2018-09-29 19:25:29','2018-10-16 17:36:32'),(65,0,'ar','general','apartment','شقة','2018-09-29 19:25:29','2018-10-16 17:36:32'),(66,0,'ar','general','product_name','أسم المنتج','2018-09-29 19:25:29','2018-10-16 17:36:32'),(67,0,'ar','general','qty','الكمية','2018-09-29 19:25:29','2018-10-16 17:36:32'),(68,0,'ar','general','subtotal','المجموع الكلي','2018-09-29 19:25:29','2018-10-16 17:36:32'),(69,0,'ar','general','grand_total','المجموع الكلي','2018-09-29 19:25:29','2018-10-16 17:36:32'),(70,0,'ar','general','forget_item_edit_here','تعديل عربة التسوق','2018-09-29 19:25:29','2018-10-16 17:36:32'),(71,0,'ar','general','recommendations','مقترحات','2018-09-29 19:25:29','2018-10-16 17:36:32'),(72,0,'ar','general','newsletter','القائمة البريدية','2018-09-29 19:25:29','2018-10-16 17:36:32'),(73,0,'ar','general','contactus','اتصل بنا','2018-09-29 19:25:29','2018-10-16 17:36:32'),(74,0,'ar','general','sku','الرقم التعريفي','2018-09-29 19:25:29','2018-10-16 17:36:32'),(75,0,'ar','general','availability','متوفر','2018-09-29 19:25:29','2018-10-16 17:36:32'),(76,0,'ar','general','language','اللغة','2018-09-29 19:25:29','2018-10-16 17:36:32'),(77,0,'ar','general','arabic','العربية','2018-09-29 19:25:29','2018-10-16 17:36:32'),(78,0,'ar','general','english','English','2018-09-29 19:25:29','2018-10-16 17:36:32'),(79,0,'ar','general','currency','العملة','2018-09-29 19:25:29','2018-10-16 17:36:32'),(80,0,'ar','general','subscribe_to_our_news_letter','النشرة البريدية اشتراك','2018-09-29 19:25:29','2018-10-16 17:36:32'),(81,0,'ar','general','subscribe_message_paragraph','اشترك معنا ليصلك كل جديد من ميم ونون .. جميع المنتجات الحصرية وما شابه .....','2018-09-29 19:25:29','2018-10-16 17:36:32'),(82,0,'ar','general','email','البريد الإلكتروني','2018-09-29 19:25:29','2018-10-16 17:36:32'),(83,0,'ar','general','subscribe','اشترك','2018-09-29 19:25:29','2018-10-16 17:36:32'),(84,0,'ar','general','select_color','اختار اللون','2018-09-29 19:25:29','2018-10-16 17:36:32'),(85,0,'ar','general','add_to_cart','أضف لسلة المشتريات','2018-09-29 19:25:29','2018-10-16 17:36:32'),(86,0,'ar','general','welcome','هلا','2018-09-29 19:25:29','2018-10-16 17:36:32'),(87,0,'ar','general','dashboard','إدارة الموقع','2018-09-29 19:25:29','2018-10-16 17:36:32'),(88,0,'ar','general','my_account','حسابي','2018-09-29 19:25:29','2018-10-16 17:36:32'),(89,0,'ar','general','my_wishlist','مفضلة المنتجات','2018-09-29 19:25:29','2018-10-16 17:36:32'),(90,0,'ar','general','shopping_cart','عربة التسوق','2018-09-29 19:25:29','2018-10-16 17:36:32'),(91,0,'ar','general','logout','الخروج','2018-09-29 19:25:29','2018-10-16 17:36:32'),(92,0,'ar','general','search','بحث','2018-09-29 19:25:29','2018-10-16 17:36:32'),(93,0,'ar','general','view_all_items','اظهر جميع المنتجات','2018-09-29 19:25:29','2018-10-16 17:36:32'),(94,0,'ar','general','free_shipping_in_kuwait','التوصيل في دولة الكويت','2018-09-29 19:25:29','2018-10-16 17:36:32'),(95,0,'ar','general','send_within_24_hours',' التوصيل خلال 24 ساعة','2018-09-29 19:25:29','2018-10-16 17:36:32'),(96,0,'ar','general','shipping_to_gulf_countries','التوصيل لدول الخليج','2018-09-29 19:25:29','2018-10-16 17:36:32'),(97,0,'ar','general','send_within_3_4_days','يتم التوصيل خلال 3-4 أيام','2018-09-29 19:25:29','2018-10-16 17:36:32'),(98,0,'ar','general','customer_support','خدمة العملاء','2018-09-29 19:25:29','2018-10-16 17:36:32'),(99,0,'ar','general','money_back_after_return','استرجاع المبلغ بعد استرجاع المنتج','2018-09-29 19:25:29','2018-10-16 17:36:32'),(100,0,'ar','general','send_within_2_weeks','يتم التوصيل خلال اسبوعين','2018-09-29 19:25:29','2018-10-16 17:36:32'),(101,0,'ar','general','online_shopping_in_gulf','التسوق الإلكتروني في الخليج','2018-09-29 19:25:29','2018-10-16 17:36:32'),(102,0,'ar','general','address','العنوان','2018-09-29 19:25:29','2018-10-16 17:36:32'),(103,0,'ar','general','order_history','المشتريات السابقة','2018-09-29 19:25:29','2018-10-16 17:36:32'),(104,0,'ar','general','wlist','قائمة الأمنيات','2018-09-29 19:25:29','2018-10-16 17:36:32'),(105,0,'ar','general','designed_by','تم التصميم عن طريق','2018-09-29 19:25:29','2018-10-16 17:36:32'),(106,0,'ar','general','all_rights_reserved','جميع الحقوق محفوظة','2018-09-29 19:25:29','2018-10-16 17:36:32'),(107,0,'ar','general','kwd','د.ك','2018-09-29 19:25:29','2018-10-16 17:36:32'),(108,0,'ar','general','approximately','تقريبا','2018-09-29 19:25:29','2018-10-16 17:36:32'),(109,0,'ar','general','new_arrival','أحدث المنتجات','2018-09-29 19:25:29','2018-10-16 17:36:32'),(110,0,'ar','general','on_sale_products','عروض المنتجات','2018-09-29 19:25:29','2018-10-16 17:36:32'),(111,0,'ar','general','password_confirmation','تأكيد كلمة السر','2018-09-29 19:25:29','2018-10-16 17:36:32'),(112,0,'ar','general','submit','إرسال','2018-09-29 19:25:29','2018-10-16 17:36:32'),(113,0,'ar','general','categories','التصنيفات','2018-09-29 19:25:29','2018-10-16 17:36:32'),(114,0,'ar','general','best_sale_products','افضل المبيعات','2018-09-29 19:25:29','2018-10-16 17:36:32'),(115,0,'ar','general','aboutus','نبذه عنا','2018-09-29 19:25:29','2018-10-16 17:36:32'),(116,0,'ar','general','active','تفعيل','2018-09-29 19:25:29','2018-10-16 17:36:32'),(117,0,'ar','general','address_ar','العنوان باللغة العربية','2018-09-29 19:25:29','2018-10-16 17:36:32'),(118,0,'ar','general','faqs','الأسئلة الشائعة','2018-09-29 19:25:29','2018-10-16 17:36:32'),(119,0,'ar','general','address_en','العنوان باللغة الإنجليزية','2018-09-29 19:25:29','2018-10-16 17:36:32'),(120,0,'ar','general','address1','العنوان 1','2018-09-29 19:25:29','2018-10-16 17:36:32'),(121,0,'ar','general','address2','العنوان 2','2018-09-29 19:25:29','2018-10-16 17:36:32'),(122,0,'ar','general','answer_ar','الجواب باللغة العربية','2018-09-29 19:25:29','2018-10-16 17:36:32'),(123,0,'ar','general','answer_en','الجواب باللغة الإنجليزية','2018-09-29 19:25:29','2018-10-16 17:36:32'),(124,0,'ar','general','body_ar','المحتوى باللغة العربية','2018-09-29 19:25:29','2018-10-16 17:36:32'),(125,0,'ar','general','body_en','المحتوى باللغة الإنجليزية','2018-09-29 19:25:29','2018-10-16 17:36:32'),(126,0,'ar','general','building','مبنى/ منزل','2018-09-29 19:25:29','2018-10-16 17:36:32'),(127,0,'ar','general','city','المدينة','2018-09-29 19:25:29','2018-10-16 17:36:32'),(128,0,'ar','general','contact_number','الموبايل للتواصل','2018-09-29 19:25:29','2018-10-16 17:36:32'),(129,0,'ar','general','contact_us','اتصل بنا','2018-09-29 19:25:29','2018-10-16 17:36:32'),(130,0,'ar','general','delivery_within_3_days','التوصيل خلال 3 أيام','2018-09-29 19:25:29','2018-10-16 17:36:32'),(131,0,'ar','general','description','الوصف باللغة العربية','2018-09-29 19:25:29','2018-10-16 17:36:32'),(132,0,'ar','general','edit','تعديل','2018-09-29 19:25:29','2018-10-16 17:36:32'),(133,0,'ar','general','firstname','الأسم الأول','2018-09-29 19:25:29','2018-10-16 17:36:32'),(134,0,'ar','general','free_delivery_within_24_hours','التوصيل مجاناً خلال 24 ساعة','2018-09-29 19:25:29','2018-10-16 17:36:32'),(135,0,'ar','general','help_contactus','المساعدة','2018-09-29 19:25:29','2018-10-16 17:36:32'),(136,0,'ar','general','informations',' معلومات','2018-09-29 19:25:29','2018-10-16 17:36:32'),(137,0,'ar','general','lastname','الأسم الأخير','2018-09-29 19:25:29','2018-10-16 17:36:32'),(138,0,'ar','general','messages.error.cart.perfumes','خطأ خاص بمنتجات العطور','2018-09-29 19:25:29','2018-10-16 17:36:32'),(139,0,'ar','general','my_fatorrah','ماي فاتورة','2018-09-29 19:25:29','2018-10-16 17:36:32'),(140,0,'ar','general','not_active','غير مفعل','2018-09-29 19:25:29','2018-10-16 17:36:32'),(141,0,'ar','general','on_sale','شامل الخصم','2018-09-29 19:25:29','2018-10-16 17:36:32'),(142,0,'ar','general','on_sale_on_homepage','الخصم - في الرئيسية','2018-09-29 19:25:29','2018-10-16 17:36:32'),(143,0,'ar','general','orders_and_shopping','الطلبات والتسوق','2018-09-29 19:25:29','2018-10-16 17:36:32'),(144,0,'ar','general','parentCategory','تصنيف أساسي','2018-09-29 19:25:29','2018-10-16 17:36:32'),(145,0,'ar','general','polices','السياسات','2018-09-29 19:25:29','2018-10-16 17:36:32'),(146,0,'ar','general','privacy_policy','سياسة الخصوصية','2018-09-29 19:25:29','2018-10-16 17:36:32'),(147,0,'ar','general','proceed_to_payment','استمرار عملية الدفع','2018-09-29 19:25:29','2018-10-16 17:36:32'),(148,0,'ar','general','question_ar','السؤال باللغة العربية','2018-09-29 19:25:29','2018-10-16 17:36:32'),(149,0,'ar','general','question_en','السؤال باللغة الإنجليزية','2018-09-29 19:25:29','2018-10-16 17:36:32'),(150,0,'ar','general','return_policy','سياسة الاسترجاع','2018-09-29 19:25:29','2018-10-16 17:36:32'),(151,0,'ar','general','shipping_address','عنوان التوصيل','2018-09-29 19:25:29','2018-10-16 17:36:32'),(152,0,'ar','general','shipping_and_handling_fees','رسوم الشحن والتسليم','2018-09-29 19:25:29','2018-10-16 17:36:32'),(153,0,'ar','general','title_ar','العنوان باللغة العربية','2018-09-29 19:25:29','2018-10-16 17:36:32'),(154,0,'ar','general','title_en','العنوان باللغة الإنجليزية','2018-09-29 19:25:29','2018-10-16 17:36:32'),(155,0,'ar','general','zip_code','رمز المنطقة','2018-09-29 19:25:29','2018-10-16 17:36:32'),(156,0,'ar','general','size_select','القياس','2018-09-29 19:25:29','2018-10-16 17:36:32'),(157,0,'ar','general','checkout','الدفع','2018-09-29 19:25:29','2018-10-16 17:36:32'),(158,0,'ar','general','terms_and_policy','الشروط و الاحكام','2018-09-29 19:25:29','2018-10-16 17:36:32'),(159,0,'ar','general','size_charts','جدول المقاسات','2018-09-29 19:25:29','2018-10-16 17:36:32'),(160,1,'ar','pagination','previous','&laquo; السابق','2018-09-29 19:25:29','2018-09-29 19:25:29'),(161,1,'ar','pagination','next','التالي &raquo;','2018-09-29 19:25:29','2018-09-29 19:25:29'),(162,1,'ar','passwords','password','يجب أن لا يقل طول كلمة السر عن ستة أحرف، كما يجب أن تتطابق مع حقل التأكيد','2018-09-29 19:25:29','2018-09-29 19:25:29'),(163,1,'ar','passwords','reset','تمت إعادة تعيين كلمة السر','2018-09-29 19:25:29','2018-09-29 19:25:29'),(164,1,'ar','passwords','sent','تم إرسال تفاصيل استعادة كلمة السر الخاصة بك إلى بريدك الإلكتروني','2018-09-29 19:25:29','2018-09-29 19:25:29'),(165,1,'ar','passwords','token','.رمز استعادة كلمة السر الذي أدخلته غير صحيح','2018-09-29 19:25:29','2018-09-29 19:25:29'),(166,1,'ar','passwords','user','لم يتم العثور على أيّ حسابٍ بهذا العنوان الإلكتروني','2018-09-29 19:25:29','2018-09-29 19:25:29'),(167,1,'ar','validation','accepted','يجب قبول الحقل :attribute','2018-09-29 19:25:29','2018-09-29 19:25:29'),(168,1,'ar','validation','active_url','الحقل :attribute لا يُمثّل رابطًا صحيحًا','2018-09-29 19:25:29','2018-09-29 19:25:29'),(169,1,'ar','validation','after','يجب على الحقل :attribute أن يكون تاريخًا لاحقًا للتاريخ :date.','2018-09-29 19:25:29','2018-09-29 19:25:29'),(170,1,'ar','validation','alpha','يجب أن لا يحتوي الحقل :attribute سوى على حروف','2018-09-29 19:25:29','2018-09-29 19:25:29'),(171,1,'ar','validation','alpha_dash','يجب أن لا يحتوي الحقل :attribute على حروف، أرقام ومطّات.','2018-09-29 19:25:29','2018-09-29 19:25:29'),(172,1,'ar','validation','alpha_num','يجب أن يحتوي :attribute على حروفٍ وأرقامٍ فقط','2018-09-29 19:25:29','2018-09-29 19:25:29'),(173,1,'ar','validation','array','يجب أن يكون الحقل :attribute ًمصفوفة','2018-09-29 19:25:29','2018-09-29 19:25:29'),(174,1,'ar','validation','before','يجب على الحقل :attribute أن يكون تاريخًا سابقًا للتاريخ :date.','2018-09-29 19:25:29','2018-09-29 19:25:29'),(175,1,'ar','validation','between.numeric','يجب أن تكون قيمة :attribute محصورة ما بين :min و :max.','2018-09-29 19:25:29','2018-09-29 19:25:29'),(176,1,'ar','validation','between.file','يجب أن يكون حجم الملف :attribute محصورًا ما بين :min و :max كيلوبايت.','2018-09-29 19:25:29','2018-09-29 19:25:29'),(177,1,'ar','validation','between.string','يجب أن يكون عدد حروف النّص :attribute محصورًا ما بين :min و :max','2018-09-29 19:25:29','2018-09-29 19:25:29'),(178,1,'ar','validation','between.array','يجب أن يحتوي :attribute على عدد من العناصر محصورًا ما بين :min و :max','2018-09-29 19:25:29','2018-09-29 19:25:29'),(179,1,'ar','validation','boolean','يجب أن تكون قيمة الحقل :attribute إما true أو false ','2018-09-29 19:25:29','2018-09-29 19:25:29'),(180,1,'ar','validation','confirmed','حقل التأكيد غير مُطابق للحقل :attribute','2018-09-29 19:25:29','2018-09-29 19:25:29'),(181,1,'ar','validation','date','الحقل :attribute ليس تاريخًا صحيحًا','2018-09-29 19:25:29','2018-09-29 19:25:29'),(182,1,'ar','validation','date_format','لا يتوافق الحقل :attribute مع الشكل :format.','2018-09-29 19:25:29','2018-09-29 19:25:29'),(183,1,'ar','validation','different','يجب أن يكون الحقلان :attribute و :other مُختلفان','2018-09-29 19:25:29','2018-09-29 19:25:29'),(184,1,'ar','validation','digits','يجب أن يحتوي الحقل :attribute على :digits رقمًا/أرقام','2018-09-29 19:25:29','2018-09-29 19:25:29'),(185,1,'ar','validation','digits_between','يجب أن يحتوي الحقل :attribute ما بين :min و :max رقمًا/أرقام ','2018-09-29 19:25:29','2018-09-29 19:25:29'),(186,1,'ar','validation','distinct','للحقل :attribute قيمة مُكرّرة.','2018-09-29 19:25:29','2018-09-29 19:25:29'),(187,1,'ar','validation','email','يجب أن يكون :attribute عنوان بريد إلكتروني صحيح البُنية','2018-09-29 19:25:29','2018-09-29 19:25:29'),(188,1,'ar','validation','exists','الحقل :attribute لاغٍ','2018-09-29 19:25:29','2018-09-29 19:25:29'),(189,1,'ar','validation','filled','الحقل :attribute إجباري','2018-09-29 19:25:29','2018-09-29 19:25:29'),(190,1,'ar','validation','image','يجب أن يكون الحقل :attribute صورةً','2018-09-29 19:25:29','2018-09-29 19:25:29'),(191,1,'ar','validation','in','الحقل :attribute لاغٍ','2018-09-29 19:25:29','2018-09-29 19:25:29'),(192,1,'ar','validation','in_array','الحقل :attribute غير موجود في :other.','2018-09-29 19:25:29','2018-09-29 19:25:29'),(193,1,'ar','validation','integer','يجب أن يكون الحقل :attribute عددًا صحيحًا','2018-09-29 19:25:29','2018-09-29 19:25:29'),(194,1,'ar','validation','ip','يجب أن يكون الحقل :attribute عنوان IP ذي بُنية صحيحة','2018-09-29 19:25:29','2018-09-29 19:25:29'),(195,1,'ar','validation','json','يجب أن يكون الحقل :attribute نصآ من نوع JSON.','2018-09-29 19:25:29','2018-09-29 19:25:29'),(196,1,'ar','validation','max.numeric','يجب أن تكون قيمة الحقل :attribute أصغر من :max.','2018-09-29 19:25:29','2018-09-29 19:25:29'),(197,1,'ar','validation','max.file','يجب أن يكون حجم الملف :attribute أصغر من :max كيلوبايت','2018-09-29 19:25:29','2018-09-29 19:25:29'),(198,1,'ar','validation','max.string','يجب أن لا يتجاوز طول النّص :attribute :max حروفٍ/حرفًا','2018-09-29 19:25:29','2018-09-29 19:25:29'),(199,1,'ar','validation','max.array','يجب أن لا يحتوي الحقل :attribute على أكثر من :max عناصر/عنصر.','2018-09-29 19:25:29','2018-09-29 19:25:29'),(200,1,'ar','validation','mimes','يجب أن يكون الحقل ملفًا من نوع : :values.','2018-09-29 19:25:29','2018-09-29 19:25:29'),(201,1,'ar','validation','min.numeric','يجب أن تكون قيمة الحقل :attribute أكبر من :min.','2018-09-29 19:25:29','2018-09-29 19:25:29'),(202,1,'ar','validation','min.file','يجب أن يكون حجم الملف :attribute أكبر من :min كيلوبايت','2018-09-29 19:25:29','2018-09-29 19:25:29'),(203,1,'ar','validation','min.string','يجب أن يكون طول النص :attribute أكبر من :min حروفٍ/حرفًا','2018-09-29 19:25:29','2018-09-29 19:25:29'),(204,1,'ar','validation','min.array','يجب أن يحتوي الحقل :attribute على الأقل على :min عُنصرًا/عناصر','2018-09-29 19:25:29','2018-09-29 19:25:29'),(205,1,'ar','validation','not_in','الحقل :attribute لاغٍ','2018-09-29 19:25:29','2018-09-29 19:25:29'),(206,1,'ar','validation','numeric','يجب على الحقل :attribute أن يكون رقمًا','2018-09-29 19:25:29','2018-09-29 19:25:29'),(207,1,'ar','validation','present','The :attribute field must be present.','2018-09-29 19:25:29','2018-09-29 19:25:29'),(208,1,'ar','validation','regex','صيغة الحقل :attribute .غير صحيحة','2018-09-29 19:25:29','2018-09-29 19:25:29'),(209,1,'ar','validation','required','الحقل :attribute مطلوب.','2018-09-29 19:25:29','2018-09-29 19:25:29'),(210,1,'ar','validation','required_if','الحقل :attribute مطلوب في حال ما إذا كان :other يساوي :value.','2018-09-29 19:25:29','2018-09-29 19:25:29'),(211,1,'ar','validation','required_unless','الحقل :attribute مطلوب في حال ما لم يكن :other يساوي :values.','2018-09-29 19:25:29','2018-09-29 19:25:29'),(212,1,'ar','validation','required_with','الحقل :attribute إذا توفّر :values.','2018-09-29 19:25:29','2018-09-29 19:25:29'),(213,1,'ar','validation','required_with_all','الحقل :attribute إذا توفّر :values.','2018-09-29 19:25:29','2018-09-29 19:25:29'),(214,1,'ar','validation','required_without','الحقل :attribute إذا لم يتوفّر :values.','2018-09-29 19:25:29','2018-09-29 19:25:29'),(215,1,'ar','validation','required_without_all','الحقل :attribute إذا لم يتوفّر :values.','2018-09-29 19:25:29','2018-09-29 19:25:29'),(216,1,'ar','validation','same','يجب أن يتطابق الحقل :attribute مع :other','2018-09-29 19:25:29','2018-09-29 19:25:29'),(217,1,'ar','validation','size.numeric','يجب أن تكون قيمة :attribute أكبر من :size.','2018-09-29 19:25:29','2018-09-29 19:25:29'),(218,1,'ar','validation','size.file','يجب أن يكون حجم الملف :attribute أكبر من :size كيلو بايت.','2018-09-29 19:25:29','2018-09-29 19:25:29'),(219,1,'ar','validation','size.string','يجب أن يحتوي النص :attribute عن ما لا يقل عن  :size حرفٍ/أحرف.','2018-09-29 19:25:29','2018-09-29 19:25:29'),(220,1,'ar','validation','size.array','يجب أن يحتوي الحقل :attribute عن ما لا يقل عن:min عنصرٍ/عناصر','2018-09-29 19:25:29','2018-09-29 19:25:29'),(221,1,'ar','validation','string','يجب أن يكون الحقل :attribute نصآ.','2018-09-29 19:25:29','2018-09-29 19:25:29'),(222,1,'ar','validation','timezone','يجب أن يكون :attribute نطاقًا زمنيًا صحيحًا','2018-09-29 19:25:30','2018-09-29 19:25:30'),(223,1,'ar','validation','unique','قيمة الحقل :attribute مُستخدمة من قبل','2018-09-29 19:25:30','2018-09-29 19:25:30'),(224,1,'ar','validation','url','صيغة الرابط :attribute غير صحيحة','2018-09-29 19:25:30','2018-09-29 19:25:30'),(225,1,'ar','validation','custom.attribute-name.rule-name','custom-message','2018-09-29 19:25:30','2018-09-29 19:25:30'),(226,1,'ar','validation','attributes.name','الاسم','2018-09-29 19:25:30','2018-09-29 19:25:30'),(227,1,'ar','validation','attributes.username','اسم المُستخدم','2018-09-29 19:25:30','2018-09-29 19:25:30'),(228,1,'ar','validation','attributes.email','البريد الالكتروني','2018-09-29 19:25:30','2018-09-29 19:25:30'),(229,1,'ar','validation','attributes.first_name','الاسم','2018-09-29 19:25:30','2018-09-29 19:25:30'),(230,1,'ar','validation','attributes.last_name','اسم العائلة','2018-09-29 19:25:30','2018-09-29 19:25:30'),(231,1,'ar','validation','attributes.password','كلمة السر','2018-09-29 19:25:30','2018-09-29 19:25:30'),(232,1,'ar','validation','attributes.password_confirmation','تأكيد كلمة السر','2018-09-29 19:25:30','2018-09-29 19:25:30'),(233,1,'ar','validation','attributes.city','المدينة','2018-09-29 19:25:30','2018-09-29 19:25:30'),(234,1,'ar','validation','attributes.country','الدولة','2018-09-29 19:25:30','2018-09-29 19:25:30'),(235,1,'ar','validation','attributes.address','العنوان','2018-09-29 19:25:30','2018-09-29 19:25:30'),(236,1,'ar','validation','attributes.phone','الهاتف','2018-09-29 19:25:30','2018-09-29 19:25:30'),(237,1,'ar','validation','attributes.mobile','الجوال','2018-09-29 19:25:30','2018-09-29 19:25:30'),(238,1,'ar','validation','attributes.age','العمر','2018-09-29 19:25:30','2018-09-29 19:25:30'),(239,1,'ar','validation','attributes.sex','الجنس','2018-09-29 19:25:30','2018-09-29 19:25:30'),(240,1,'ar','validation','attributes.gender','النوع','2018-09-29 19:25:30','2018-09-29 19:25:30'),(241,1,'ar','validation','attributes.day','اليوم','2018-09-29 19:25:30','2018-09-29 19:25:30'),(242,1,'ar','validation','attributes.month','الشهر','2018-09-29 19:25:30','2018-09-29 19:25:30'),(243,1,'ar','validation','attributes.year','السنة','2018-09-29 19:25:30','2018-09-29 19:25:30'),(244,1,'ar','validation','attributes.hour','ساعة','2018-09-29 19:25:30','2018-09-29 19:25:30'),(245,1,'ar','validation','attributes.minute','دقيقة','2018-09-29 19:25:30','2018-09-29 19:25:30'),(246,1,'ar','validation','attributes.second','ثانية','2018-09-29 19:25:30','2018-09-29 19:25:30'),(247,1,'ar','validation','attributes.title','اللقب','2018-09-29 19:25:30','2018-09-29 19:25:30'),(248,1,'ar','validation','attributes.content','المُحتوى','2018-09-29 19:25:30','2018-09-29 19:25:30'),(249,1,'ar','validation','attributes.description','الوصف','2018-09-29 19:25:30','2018-09-29 19:25:30'),(250,1,'ar','validation','attributes.excerpt','المُلخص','2018-09-29 19:25:30','2018-09-29 19:25:30'),(251,1,'ar','validation','attributes.date','التاريخ','2018-09-29 19:25:30','2018-09-29 19:25:30'),(252,1,'ar','validation','attributes.time','الوقت','2018-09-29 19:25:30','2018-09-29 19:25:30'),(253,1,'ar','validation','attributes.available','مُتاح','2018-09-29 19:25:30','2018-09-29 19:25:30'),(254,1,'ar','validation','attributes.size','الحجم','2018-09-29 19:25:30','2018-09-29 19:25:30'),(255,1,'en','auth','failed','These credentials do not match our records.','2018-09-29 19:25:30','2018-09-29 19:25:30'),(256,1,'en','auth','throttle','Too many login attempts. Please try again in :seconds seconds.','2018-09-29 19:25:30','2018-09-29 19:25:30'),(257,1,'en','cart','updated','updated','2018-09-29 19:25:30','2018-09-29 19:25:30'),(258,1,'en','cart','shopping_cart','Shopping Cart','2018-09-29 19:25:30','2018-09-29 19:25:30'),(259,1,'en','cart','empty','Empty','2018-09-29 19:25:30','2018-09-29 19:25:30'),(260,1,'en','cart','browse','browse','2018-09-29 19:25:30','2018-09-29 19:25:30'),(261,1,'en','cart','remove','Remove','2018-09-29 19:25:30','2018-09-29 19:25:30'),(262,1,'en','cart','image','image','2018-09-29 19:25:30','2018-09-29 19:25:30'),(263,1,'en','cart','product_name','Product name','2018-09-29 19:25:30','2018-09-29 19:25:30'),(264,1,'en','cart','unit_price','unit price','2018-09-29 19:25:30','2018-09-29 19:25:30'),(265,1,'en','cart','qty','Quantity','2018-09-29 19:25:30','2018-09-29 19:25:30'),(266,1,'en','cart','sub_total','sub total','2018-09-29 19:25:30','2018-09-29 19:25:30'),(267,1,'en','cart','continue_shopping','continue shopping','2018-09-29 19:25:30','2018-09-29 19:25:30'),(268,1,'en','cart','update_shopping_cart','update shopping cart','2018-09-29 19:25:30','2018-09-29 19:25:30'),(269,1,'en','cart','clear_cart','clear cart','2018-09-29 19:25:30','2018-09-29 19:25:30'),(270,1,'en','cart','use_coupon','use coupon','2018-09-29 19:25:30','2018-09-29 19:25:30'),(271,1,'en','cart','estimate_shipping_and_tax','Estimated shipping and taxes','2018-09-29 19:25:30','2018-09-29 19:25:30'),(272,1,'en','cart','enter_ur_destination','Enter your distination','2018-09-29 19:25:30','2018-09-29 19:25:30'),(273,1,'en','cart','proceed_to_checkout','proceed to checkout','2018-09-29 19:25:30','2018-09-29 19:25:30'),(274,1,'en','cart','clear_shopping_cart','clear cart','2018-09-29 19:25:30','2018-09-29 19:25:30'),(275,0,'en','general','kwd','KWD','2018-09-29 19:25:30','2018-10-16 17:36:32'),(276,0,'en','general','message.warning.product_meta','warning.product meta','2018-09-29 19:25:30','2018-10-16 17:36:32'),(277,0,'en','general','message.warning.no_sizes','warning.no sizes','2018-09-29 19:25:30','2018-10-16 17:36:32'),(278,0,'en','general','message.warning.no_tags','warning.no tags','2018-09-29 19:25:30','2018-10-16 17:36:32'),(279,0,'en','general','message.warning.no_categories','warning.no categories','2018-09-29 19:25:30','2018-10-16 17:36:32'),(280,0,'en','general','message.warning.no_colors','warning.no colors','2018-09-29 19:25:30','2018-10-16 17:36:32'),(281,0,'en','general','message.success.product_update','success.product update','2018-09-29 19:25:30','2018-10-16 17:36:32'),(282,0,'en','general','message.order_created','order created','2018-09-29 19:25:30','2018-10-16 17:36:32'),(283,0,'en','general','message.error.no_categories','No categories','2018-09-29 19:25:30','2018-10-16 17:36:32'),(284,0,'en','general','messsage.warning.create_new','messsage.warning.create_new	','2018-09-29 19:25:30','2018-10-16 17:36:32'),(285,0,'en','general','mail_sent','Mail Sent','2018-09-29 19:25:30','2018-10-16 17:36:32'),(286,0,'en','general','messages.error.cart.perfumes','error.cart perfumes','2018-09-29 19:25:30','2018-10-16 17:36:32'),(287,0,'en','general','title_en','English Title','2018-09-29 19:25:30','2018-10-16 17:36:32'),(288,0,'en','general','title_ar','Arabic Title','2018-09-29 19:25:30','2018-10-16 17:36:32'),(289,0,'en','general','body_en','Body English','2018-09-29 19:25:30','2018-10-16 17:36:32'),(290,0,'en','general','body_ar','Body Arabic','2018-09-29 19:25:30','2018-10-16 17:36:32'),(291,0,'en','general','address_en','address english','2018-09-29 19:25:30','2018-10-16 17:36:32'),(292,0,'en','general','address_ar','Address Arabic','2018-09-29 19:25:30','2018-10-16 17:36:32'),(293,0,'en','general','phone','Phone','2018-09-29 19:25:30','2018-10-16 17:36:32'),(294,0,'en','general','email','email','2018-09-29 19:25:30','2018-10-16 17:36:32'),(295,0,'en','general','question_en','English Question','2018-09-29 19:25:30','2018-10-16 17:36:32'),(296,0,'en','general','question_ar','Arabic Question','2018-09-29 19:25:30','2018-10-16 17:36:32'),(297,0,'en','general','answer_en','answer english','2018-09-29 19:25:30','2018-10-16 17:36:32'),(298,0,'en','general','answer_ar','answer arabic','2018-09-29 19:25:30','2018-10-16 17:36:32'),(299,0,'en','general','active','active','2018-09-29 19:25:30','2018-10-16 17:36:32'),(300,0,'en','general','not_active','Not Active','2018-09-29 19:25:30','2018-10-16 17:36:32'),(301,0,'en','general','on_sale','On Sale','2018-09-29 19:25:30','2018-10-16 17:36:32'),(302,0,'en','general','on_sale_on_homepage','On Sale + on Homepage','2018-09-29 19:25:30','2018-10-16 17:36:32'),(303,0,'en','general','availability','Availability','2018-09-29 19:25:30','2018-10-16 17:36:32'),(304,0,'en','general','description','Description English','2018-09-29 19:25:30','2018-10-16 17:36:32'),(305,0,'en','general','parentCategory','parent Category','2018-09-29 19:25:30','2018-10-16 17:36:32'),(306,0,'en','general','firstname','First Name','2018-09-29 19:25:30','2018-10-16 17:36:32'),(307,0,'en','general','lastname','Last Name','2018-09-29 19:25:30','2018-10-16 17:36:32'),(308,0,'en','general','password','Password','2018-09-29 19:25:30','2018-10-16 17:36:32'),(309,0,'en','general','password_confirmation','Password confirmation','2018-09-29 19:25:30','2018-10-16 17:36:32'),(310,0,'en','general','country','Country','2018-09-29 19:25:30','2018-10-16 17:36:32'),(311,0,'en','general','contact_us','contact us','2018-09-29 19:25:30','2018-10-16 17:36:32'),(312,0,'en','general','newsletter','Newsletter','2018-09-29 19:25:30','2018-10-16 17:36:32'),(313,0,'en','general','free_shipping_in_kuwait','shipping in kuwait','2018-09-29 19:25:30','2018-10-16 17:36:32'),(314,0,'en','general','send_within_24_hours','within 24 Hours','2018-09-29 19:25:30','2018-10-16 17:36:32'),(315,0,'en','general','shipping_to_gulf_countries','shipping to gulf countries','2018-09-29 19:25:30','2018-10-16 17:36:32'),(316,0,'en','general','send_within_3_4_days','Send within 3-4 Days','2018-09-29 19:25:30','2018-10-16 17:36:32'),(317,0,'en','general','customer_support','customer support','2018-09-29 19:25:30','2018-10-16 17:36:32'),(318,0,'en','general','money_back_after_return','money back after return','2018-09-29 19:25:30','2018-10-16 17:36:32'),(319,0,'en','general','send_within_2_weeks','Send within 2 Weeks','2018-09-29 19:25:30','2018-10-16 17:36:32'),(320,0,'en','general','online_shopping_in_gulf','online shopping in gulf','2018-09-29 19:25:30','2018-10-16 17:36:32'),(321,0,'en','general','contactus','contactus','2018-09-29 19:25:30','2018-10-16 17:36:32'),(322,0,'en','general','address','address','2018-09-29 19:25:30','2018-10-16 17:36:32'),(323,0,'en','general','informations','information','2018-09-29 19:25:30','2018-10-16 17:36:32'),(324,0,'en','general','aboutus','About us','2018-09-29 19:25:30','2018-10-16 17:36:32'),(325,0,'en','general','help_contactus','help contact us','2018-09-29 19:25:30','2018-10-16 17:36:32'),(326,0,'en','general','faqs','FAQ','2018-09-29 19:25:30','2018-10-16 17:36:32'),(327,0,'en','general','polices','Policies','2018-09-29 19:25:30','2018-10-16 17:36:32'),(328,0,'en','general','privacy_policy','Privacy Policy','2018-09-29 19:25:30','2018-10-16 17:36:32'),(329,0,'en','general','terms_and_policy','Terms & Policy','2018-09-29 19:25:30','2018-10-16 17:36:32'),(330,0,'en','general','return_policy','Return Policy','2018-09-29 19:25:30','2018-10-16 17:36:32'),(331,0,'en','general','orders_and_shopping','orders and shopping','2018-09-29 19:25:30','2018-10-16 17:36:32'),(332,0,'en','general','my_account','My Account','2018-09-29 19:25:30','2018-10-16 17:36:32'),(333,0,'en','general','order_history','order history','2018-09-29 19:25:30','2018-10-16 17:36:32'),(334,0,'en','general','wlist','Wishlist','2018-09-29 19:25:30','2018-10-16 17:36:32'),(335,0,'en','general','designed_by','designed by','2018-09-29 19:25:30','2018-10-16 17:36:32'),(336,0,'en','general','all_rights_reserved','All Rights Reserved	','2018-09-29 19:25:30','2018-10-16 17:36:32'),(337,0,'en','general','home','Home','2018-09-29 19:25:30','2018-10-16 17:36:32'),(338,0,'en','general','categories','categories','2018-09-29 19:25:30','2018-10-16 17:36:32'),(339,0,'en','general','new_arrival','New Arivals','2018-09-29 19:25:30','2018-10-16 17:36:32'),(340,0,'en','general','on_sale_products','On Sale Products','2018-09-29 19:25:30','2018-10-16 17:36:32'),(341,0,'en','general','name','Name','2018-09-29 19:25:30','2018-10-16 17:36:32'),(342,0,'en','general','subscribe','subscribe','2018-09-29 19:25:30','2018-10-16 17:36:32'),(343,0,'en','general','position','position','2018-09-29 19:25:30','2018-10-16 17:36:32'),(344,0,'en','general','price','Price','2018-09-29 19:25:30','2018-10-16 17:36:32'),(345,0,'en','general','language','language','2018-09-29 19:25:30','2018-10-16 17:36:32'),(346,0,'en','general','arabic','العربية','2018-09-29 19:25:30','2018-10-16 17:36:32'),(347,0,'en','general','english','English','2018-09-29 19:25:30','2018-10-16 17:36:32'),(348,0,'en','general','currency','currency','2018-09-29 19:25:30','2018-10-16 17:36:32'),(349,0,'en','general','welcome','welcome','2018-09-29 19:25:30','2018-10-16 17:36:32'),(350,0,'en','general','dashboard','dasboard','2018-09-29 19:25:30','2018-10-16 17:36:32'),(351,0,'en','general','my_wishlist','wish list','2018-09-29 19:25:30','2018-10-16 17:36:32'),(352,0,'en','general','shopping_cart','shopping cart','2018-09-29 19:25:30','2018-10-16 17:36:32'),(353,0,'en','general','checkout','checkout','2018-09-29 19:25:30','2018-10-16 17:36:32'),(354,0,'en','general','logout','logout','2018-09-29 19:25:30','2018-10-16 17:36:32'),(355,0,'en','general','login','login','2018-09-29 19:25:30','2018-10-16 17:36:32'),(356,0,'en','general','search','Search','2018-09-29 19:25:30','2018-10-16 17:36:32'),(357,0,'en','general','view_all_items','show all items','2018-09-29 19:25:30','2018-10-16 17:36:32'),(358,0,'en','general','subscribe_to_our_news_letter','newsletter subscription','2018-09-29 19:25:30','2018-10-16 17:36:32'),(359,0,'en','general','subscribe_message_paragraph','subscribe with us for more details more exclusive products ...','2018-09-29 19:25:30','2018-10-16 17:36:32'),(360,0,'en','general','recommendations','Recommendations','2018-09-29 19:25:30','2018-10-16 17:36:32'),(361,0,'en','general','continue','Continue','2018-09-29 19:25:30','2018-10-16 17:36:32'),(362,0,'en','general','shipping_address','Shipping Address','2018-09-29 19:25:30','2018-10-16 17:36:32'),(363,0,'en','general','city','city','2018-09-29 19:25:30','2018-10-16 17:36:32'),(364,0,'en','general','edit','edit','2018-09-29 19:25:30','2018-10-16 17:36:32'),(365,0,'en','general','area','Area','2018-09-29 19:25:30','2018-10-16 17:36:32'),(366,0,'en','general','block','Block','2018-09-29 19:25:30','2018-10-16 17:36:32'),(367,0,'en','general','street','Street','2018-09-29 19:25:30','2018-10-16 17:36:32'),(368,0,'en','general','building','Building','2018-09-29 19:25:30','2018-10-16 17:36:32'),(369,0,'en','general','floor','Floor','2018-09-29 19:25:30','2018-10-16 17:36:32'),(370,0,'en','general','apartment','apartment','2018-09-29 19:25:30','2018-10-16 17:36:32'),(371,0,'en','general','address1','address1','2018-09-29 19:25:30','2018-10-16 17:36:32'),(372,0,'en','general','address2','address2','2018-09-29 19:25:30','2018-10-16 17:36:32'),(373,0,'en','general','zip_code','Zip Code','2018-09-29 19:25:30','2018-10-16 17:36:32'),(374,0,'en','general','contact_number','contact number','2018-09-29 19:25:30','2018-10-16 17:36:32'),(375,0,'en','general','payment_information','Payment Information','2018-09-29 19:25:30','2018-10-16 17:36:32'),(376,0,'en','general','cash_on_delivery','cash on delivery','2018-09-29 19:25:30','2018-10-16 17:36:32'),(377,0,'en','general','order_review','order review','2018-09-29 19:25:30','2018-10-16 17:36:32'),(378,0,'en','general','product_name','Product Name','2018-09-29 19:25:30','2018-10-16 17:36:32'),(379,0,'en','general','qty','Quantity','2018-09-29 19:25:30','2018-10-16 17:36:32'),(380,0,'en','general','subtotal','subtotal','2018-09-29 19:25:30','2018-10-16 17:36:32'),(381,0,'en','general','shipping_and_handling_fees','shipping and handling fees','2018-09-29 19:25:30','2018-10-16 17:36:32'),(382,0,'en','general','grand_total','Grand total','2018-09-29 19:25:30','2018-10-16 17:36:32'),(383,0,'en','general','forget_item_edit_here','forget item edit here	','2018-09-29 19:25:30','2018-10-16 17:36:32'),(384,0,'en','general','proceed_to_payment','Proceed to Payment','2018-09-29 19:25:30','2018-10-16 17:36:32'),(385,0,'en','general','size','Size','2018-09-29 19:25:30','2018-10-16 17:36:32'),(386,0,'en','general','tags','tags','2018-09-29 19:25:30','2018-10-16 17:36:32'),(387,0,'en','general','subcategories','sub categories','2018-09-29 19:25:30','2018-10-16 17:36:32'),(388,0,'en','general','index','index','2018-09-29 19:25:30','2018-10-16 17:36:32'),(389,0,'en','general','color','color','2018-09-29 19:25:30','2018-10-16 17:36:32'),(390,0,'en','general','range','Range','2018-09-29 19:25:30','2018-10-16 17:36:32'),(391,0,'en','general','shopping_options','shopping options','2018-09-29 19:25:30','2018-10-16 17:36:32'),(392,0,'en','general','sort_by','Sort by','2018-09-29 19:25:30','2018-10-16 17:36:32'),(393,0,'en','general','highest','Highest','2018-09-29 19:25:30','2018-10-16 17:36:32'),(394,0,'en','general','lowest','Lowest','2018-09-29 19:25:30','2018-10-16 17:36:32'),(395,0,'en','general','sku','ID','2018-09-29 19:25:30','2018-10-16 17:36:32'),(396,0,'en','general','approximately','approximately','2018-09-29 19:25:30','2018-10-16 17:36:32'),(397,0,'en','general','free_delivery_within_24_hours','free delivery within 24 hours','2018-09-29 19:25:30','2018-10-16 17:36:32'),(398,0,'en','general','delivery_within_3_days','delivery within 3 days','2018-09-29 19:25:30','2018-10-16 17:36:32'),(399,0,'en','general','size_select','select size','2018-09-29 19:25:30','2018-10-16 17:36:32'),(400,0,'en','general','size_charts','size chart','2018-09-29 19:25:30','2018-10-16 17:36:32'),(401,0,'en','general','select_color','Select Color','2018-09-29 19:25:30','2018-10-16 17:36:32'),(402,0,'en','general','add_to_cart','add to cart','2018-09-29 19:25:30','2018-10-16 17:36:32'),(403,0,'en','general','close','close','2018-09-29 19:25:30','2018-10-16 17:36:32'),(404,0,'en','general','product_description','Product Description','2018-09-29 19:25:30','2018-10-16 17:36:32'),(405,0,'en','general','product_tags','Product Tags','2018-09-29 19:25:30','2018-10-16 17:36:32'),(406,0,'en','general','sale','sale','2018-09-29 19:25:30','2018-10-16 17:36:32'),(407,0,'en','general','new','new','2018-09-29 19:25:30','2018-10-16 17:36:32'),(408,0,'en','general','view_product_details','view details','2018-09-29 19:25:30','2018-10-16 17:36:32'),(409,0,'en','general','view_details','view details','2018-09-29 19:25:30','2018-10-16 17:36:32'),(410,0,'en','general','delivery_within_4_days','delivery within 4 days','2018-09-29 19:25:30','2018-10-16 17:36:32'),(411,0,'en','general','my_fatorrah','My Fatorrah','2018-09-29 19:25:30','2018-10-16 17:36:32'),(412,0,'en','general','submit','submit','2018-09-29 19:25:30','2018-10-16 17:36:32'),(413,0,'en','general','best_sale_products','Best Sale Products','2018-09-29 19:25:30','2018-10-16 17:36:32'),(414,1,'en','pagination','previous','&laquo; Previous','2018-09-29 19:25:30','2018-09-29 19:25:30'),(415,1,'en','pagination','next','Next &raquo;','2018-09-29 19:25:30','2018-09-29 19:25:30'),(416,1,'en','passwords','password','Passwords must be at least six characters and match the confirmation.','2018-09-29 19:25:30','2018-09-29 19:25:30'),(417,1,'en','passwords','reset','Your password has been reset!','2018-09-29 19:25:30','2018-09-29 19:25:30'),(418,1,'en','passwords','sent','We have e-mailed your password reset link!','2018-09-29 19:25:30','2018-09-29 19:25:30'),(419,1,'en','passwords','token','This password reset token is invalid.','2018-09-29 19:25:30','2018-09-29 19:25:30'),(420,1,'en','passwords','user','We can\'t find a user with that e-mail address.','2018-09-29 19:25:30','2018-09-29 19:25:30'),(421,1,'en','validation','accepted','The :attribute must be accepted.','2018-09-29 19:25:30','2018-09-29 19:25:30'),(422,1,'en','validation','active_url','The :attribute is not a valid URL.','2018-09-29 19:25:30','2018-09-29 19:25:30'),(423,1,'en','validation','after','The :attribute must be a date after :date.','2018-09-29 19:25:30','2018-09-29 19:25:30'),(424,1,'en','validation','alpha','The :attribute may only contain letters.','2018-09-29 19:25:30','2018-09-29 19:25:30'),(425,1,'en','validation','alpha_dash','The :attribute may only contain letters, numbers, and dashes.','2018-09-29 19:25:30','2018-09-29 19:25:30'),(426,1,'en','validation','alpha_num','The :attribute may only contain letters and numbers.','2018-09-29 19:25:30','2018-09-29 19:25:30'),(427,1,'en','validation','array','The :attribute must be an array.','2018-09-29 19:25:30','2018-09-29 19:25:30'),(428,1,'en','validation','before','The :attribute must be a date before :date.','2018-09-29 19:25:30','2018-09-29 19:25:30'),(429,1,'en','validation','between.numeric','The :attribute must be between :min and :max.','2018-09-29 19:25:30','2018-09-29 19:25:30'),(430,1,'en','validation','between.file','The :attribute must be between :min and :max kilobytes.','2018-09-29 19:25:30','2018-09-29 19:25:30'),(431,1,'en','validation','between.string','The :attribute must be between :min and :max characters.','2018-09-29 19:25:30','2018-09-29 19:25:30'),(432,1,'en','validation','between.array','The :attribute must have between :min and :max items.','2018-09-29 19:25:30','2018-09-29 19:25:30'),(433,1,'en','validation','boolean','The :attribute field must be true or false.','2018-09-29 19:25:30','2018-09-29 19:25:30'),(434,1,'en','validation','confirmed','The :attribute confirmation does not match.','2018-09-29 19:25:30','2018-09-29 19:25:30'),(435,1,'en','validation','date','The :attribute is not a valid date.','2018-09-29 19:25:30','2018-09-29 19:25:30'),(436,1,'en','validation','date_format','The :attribute does not match the format :format.','2018-09-29 19:25:30','2018-09-29 19:25:30'),(437,1,'en','validation','different','The :attribute and :other must be different.','2018-09-29 19:25:30','2018-09-29 19:25:30'),(438,1,'en','validation','digits','The :attribute must be :digits digits.','2018-09-29 19:25:30','2018-09-29 19:25:30'),(439,1,'en','validation','digits_between','The :attribute must be between :min and :max digits.','2018-09-29 19:25:30','2018-09-29 19:25:30'),(440,1,'en','validation','distinct','The :attribute field has a duplicate value.','2018-09-29 19:25:30','2018-09-29 19:25:30'),(441,1,'en','validation','email','The :attribute must be a valid email address.','2018-09-29 19:25:30','2018-09-29 19:25:30'),(442,1,'en','validation','exists','The selected :attribute is invalid.','2018-09-29 19:25:30','2018-09-29 19:25:30'),(443,1,'en','validation','filled','The :attribute field is required.','2018-09-29 19:25:30','2018-09-29 19:25:30'),(444,1,'en','validation','image','The :attribute must be an image.','2018-09-29 19:25:30','2018-09-29 19:25:30'),(445,1,'en','validation','in','The selected :attribute is invalid.','2018-09-29 19:25:30','2018-09-29 19:25:30'),(446,1,'en','validation','in_array','The :attribute field does not exist in :other.','2018-09-29 19:25:30','2018-09-29 19:25:30'),(447,1,'en','validation','integer','The :attribute must be an integer.','2018-09-29 19:25:30','2018-09-29 19:25:30'),(448,1,'en','validation','ip','The :attribute must be a valid IP address.','2018-09-29 19:25:30','2018-09-29 19:25:30'),(449,1,'en','validation','json','The :attribute must be a valid JSON string.','2018-09-29 19:25:30','2018-09-29 19:25:30'),(450,1,'en','validation','max.numeric','The :attribute may not be greater than :max.','2018-09-29 19:25:30','2018-09-29 19:25:30'),(451,1,'en','validation','max.file','The :attribute may not be greater than :max kilobytes.','2018-09-29 19:25:30','2018-09-29 19:25:30'),(452,1,'en','validation','max.string','The :attribute may not be greater than :max characters.','2018-09-29 19:25:30','2018-09-29 19:25:30'),(453,1,'en','validation','max.array','The :attribute may not have more than :max items.','2018-09-29 19:25:30','2018-09-29 19:25:30'),(454,1,'en','validation','mimes','The :attribute must be a file of type: :values.','2018-09-29 19:25:30','2018-09-29 19:25:30'),(455,1,'en','validation','min.numeric','The :attribute must be at least :min.','2018-09-29 19:25:30','2018-09-29 19:25:30'),(456,1,'en','validation','min.file','The :attribute must be at least :min kilobytes.','2018-09-29 19:25:30','2018-09-29 19:25:30'),(457,1,'en','validation','min.string','The :attribute must be at least :min characters.','2018-09-29 19:25:30','2018-09-29 19:25:30'),(458,1,'en','validation','min.array','The :attribute must have at least :min items.','2018-09-29 19:25:30','2018-09-29 19:25:30'),(459,1,'en','validation','not_in','The selected :attribute is invalid.','2018-09-29 19:25:30','2018-09-29 19:25:30'),(460,1,'en','validation','numeric','The :attribute must be a number.','2018-09-29 19:25:30','2018-09-29 19:25:30'),(461,1,'en','validation','present','The :attribute field must be present.','2018-09-29 19:25:30','2018-09-29 19:25:30'),(462,1,'en','validation','regex','The :attribute format is invalid.','2018-09-29 19:25:30','2018-09-29 19:25:30'),(463,1,'en','validation','required','The :attribute field is required.','2018-09-29 19:25:30','2018-09-29 19:25:30'),(464,1,'en','validation','required_if','The :attribute field is required when :other is :value.','2018-09-29 19:25:30','2018-09-29 19:25:30'),(465,1,'en','validation','required_unless','The :attribute field is required unless :other is in :values.','2018-09-29 19:25:30','2018-09-29 19:25:30'),(466,1,'en','validation','required_with','The :attribute field is required when :values is present.','2018-09-29 19:25:30','2018-09-29 19:25:30'),(467,1,'en','validation','required_with_all','The :attribute field is required when :values is present.','2018-09-29 19:25:30','2018-09-29 19:25:30'),(468,1,'en','validation','required_without','The :attribute field is required when :values is not present.','2018-09-29 19:25:30','2018-09-29 19:25:30'),(469,1,'en','validation','required_without_all','The :attribute field is required when none of :values are present.','2018-09-29 19:25:30','2018-09-29 19:25:30'),(470,1,'en','validation','same','The :attribute and :other must match.','2018-09-29 19:25:30','2018-09-29 19:25:30'),(471,1,'en','validation','size.numeric','The :attribute must be :size.','2018-09-29 19:25:30','2018-09-29 19:25:30'),(472,1,'en','validation','size.file','The :attribute must be :size kilobytes.','2018-09-29 19:25:30','2018-09-29 19:25:30'),(473,1,'en','validation','size.string','The :attribute must be :size characters.','2018-09-29 19:25:30','2018-09-29 19:25:30'),(474,1,'en','validation','size.array','The :attribute must contain :size items.','2018-09-29 19:25:30','2018-09-29 19:25:30'),(475,1,'en','validation','string','The :attribute must be a string.','2018-09-29 19:25:30','2018-09-29 19:25:30'),(476,1,'en','validation','timezone','The :attribute must be a valid zone.','2018-09-29 19:25:30','2018-09-29 19:25:30'),(477,1,'en','validation','unique','The :attribute has already been taken.','2018-09-29 19:25:30','2018-09-29 19:25:30'),(478,1,'en','validation','url','The :attribute format is invalid.','2018-09-29 19:25:30','2018-09-29 19:25:30'),(479,1,'en','validation','custom.attribute-name.rule-name','custom-message','2018-09-29 19:25:30','2018-09-29 19:25:30'),(480,0,'ar','message','payment_url_error',NULL,'2018-09-29 19:25:41','2018-09-29 19:25:41'),(481,0,'ar','general','date',NULL,'2018-09-29 19:25:41','2018-09-29 19:25:41'),(482,0,'ar','general','order_number',NULL,'2018-09-29 19:25:41','2018-09-29 19:25:41'),(483,0,'ar','general','gentlemen',NULL,'2018-09-29 19:25:41','2018-09-29 19:25:41'),(484,0,'ar','general','mobile',NULL,'2018-09-29 19:25:41','2018-09-29 19:25:41'),(485,0,'ar','general','product_sku',NULL,'2018-09-29 19:25:41','2018-09-29 19:25:41'),(486,0,'ar','message','we_received_your_order_order_shall_be_reviewed_thank_your_for_choosing_our_service',NULL,'2018-09-29 19:25:41','2018-09-29 19:25:41'),(487,0,'ar','general','register',NULL,'2018-09-29 19:25:41','2018-09-29 19:25:41'),(488,0,'ar','general','information',NULL,'2018-09-29 19:25:41','2018-09-29 19:25:41'),(489,0,'ar','general','pages',NULL,'2018-09-29 19:25:41','2018-09-29 19:25:41'),(490,0,'ar','general','select_size',NULL,'2018-09-29 19:25:41','2018-09-29 19:25:41'),(491,0,'ar','general','remove_from_favorite',NULL,'2018-09-29 19:25:41','2018-09-29 19:25:41'),(492,0,'ar','general','add_to_favorite',NULL,'2018-09-29 19:25:41','2018-09-29 19:25:41'),(493,0,'ar','general','out_of_stock','غير متوفر','2018-09-29 19:25:41','2018-10-16 17:36:32'),(494,0,'ar','general','approx','تقريبا','2018-09-29 19:25:41','2018-10-16 17:36:32'),(495,0,'ar','general','meta_description','عبايات الكويت حراير لمسة عباية  روعة التصميم','2018-09-29 19:25:41','2018-10-16 17:36:32'),(496,0,'ar','general','app_keywords',NULL,'2018-09-29 19:25:41','2018-09-29 19:25:41'),(497,0,'ar','general','app_author',NULL,'2018-09-29 19:25:41','2018-09-29 19:25:41'),(498,0,'ar','cart','color',NULL,'2018-09-29 19:25:41','2018-09-29 19:25:41'),(499,0,'ar','cart','size',NULL,'2018-09-29 19:25:41','2018-09-29 19:25:41'),(500,0,'ar','general','kd','د.ك','2018-09-29 19:25:41','2018-10-16 17:36:32'),(501,0,'ar','general','delivery_message',NULL,'2018-09-29 19:25:41','2018-09-29 19:25:41'),(502,0,'ar','general','shipment_package',NULL,'2018-09-29 19:25:41','2018-09-29 19:25:41'),(503,0,'ar','general','select_shipment_package',NULL,'2018-09-29 19:25:41','2018-09-29 19:25:41'),(504,0,'ar','general','branch',NULL,'2018-09-29 19:25:41','2018-09-29 19:25:41'),(505,0,'ar','general','message_free_shipment_branch_receiving',NULL,'2018-09-29 19:25:41','2018-09-29 19:25:41'),(506,0,'ar','general','select_branch',NULL,'2018-09-29 19:25:41','2018-09-29 19:25:41'),(507,0,'ar','general','branch_address',NULL,'2018-09-29 19:25:41','2018-09-29 19:25:41'),(508,0,'ar','general','select_country',NULL,'2018-09-29 19:25:41','2018-09-29 19:25:41'),(509,0,'ar','general','discount',NULL,'2018-09-29 19:25:41','2018-09-29 19:25:41'),(510,0,'ar','general','sub_total',NULL,'2018-09-29 19:25:41','2018-09-29 19:25:41'),(511,0,'ar','general','gross_total',NULL,'2018-09-29 19:25:41','2018-09-29 19:25:41'),(512,0,'ar','general','coupon',NULL,'2018-09-29 19:25:41','2018-09-29 19:25:41'),(513,0,'ar','message','have_coupon_message',NULL,'2018-09-29 19:25:41','2018-09-29 19:25:41'),(514,0,'ar','general','coupon_code',NULL,'2018-09-29 19:25:41','2018-09-29 19:25:41'),(515,0,'ar','general','apply_coupon',NULL,'2018-09-29 19:25:41','2018-09-29 19:25:41'),(516,0,'ar','general','full_address',NULL,'2018-09-29 19:25:41','2018-09-29 19:25:41'),(517,0,'ar','general','building_no',NULL,'2018-09-29 19:25:41','2018-09-29 19:25:41'),(518,0,'ar','general','back',NULL,'2018-09-29 19:25:41','2018-09-29 19:25:41'),(519,0,'ar','general','save_information',NULL,'2018-09-29 19:25:41','2018-09-29 19:25:41'),(520,0,'ar','cart','destination',NULL,'2018-09-29 19:25:41','2018-09-29 19:25:41'),(521,0,'ar','general','cost',NULL,'2018-09-29 19:25:41','2018-09-29 19:25:41'),(522,0,'ar','cart','delivery_charge_cost',NULL,'2018-09-29 19:25:41','2018-09-29 19:25:41'),(523,0,'ar','message','shipping_method_message_with_no_aramex',NULL,'2018-09-29 19:25:41','2018-09-29 19:25:41'),(524,0,'ar','general','delivery_inside_kuwait',NULL,'2018-09-29 19:25:41','2018-09-29 19:25:41'),(525,0,'ar','group','name',NULL,'2018-09-29 19:25:41','2018-09-29 19:25:41'),(526,0,'ar','group','address',NULL,'2018-09-29 19:25:41','2018-09-29 19:25:41'),(527,0,'ar','message','you_are_logged_in_as',NULL,'2018-09-29 19:25:41','2018-09-29 19:25:41'),(528,0,'ar','message','checkout',NULL,'2018-09-29 19:25:41','2018-09-29 19:25:41'),(529,0,'ar','general','check_in_as_guest_or_user',NULL,'2018-09-29 19:25:41','2018-09-29 19:25:41'),(530,0,'ar','message','register_with_us',NULL,'2018-09-29 19:25:41','2018-09-29 19:25:41'),(531,0,'ar','message','register_and_save_time',NULL,'2018-09-29 19:25:41','2018-09-29 19:25:41'),(532,0,'ar','general','already_registered',NULL,'2018-09-29 19:25:41','2018-09-29 19:25:41'),(533,0,'ar','general','plz_login_below',NULL,'2018-09-29 19:25:41','2018-09-29 19:25:41'),(534,0,'ar','general','forget_password',NULL,'2018-09-29 19:25:41','2018-09-29 19:25:41'),(535,0,'ar','general','billing_information',NULL,'2018-09-29 19:25:41','2018-09-29 19:25:41'),(536,0,'ar','general','shipping_method',NULL,'2018-09-29 19:25:41','2018-09-29 19:25:41'),(537,0,'ar','general','shipping_cost',NULL,'2018-09-29 19:25:41','2018-09-29 19:25:41'),(538,0,'ar','general','knet','كي نت','2018-09-29 19:25:41','2018-10-16 17:36:32'),(539,0,'ar','general','master_or_visa',NULL,'2018-09-29 19:25:41','2018-09-29 19:25:41'),(540,0,'ar','general','payment_method',NULL,'2018-09-29 19:25:41','2018-09-29 19:25:41'),(541,0,'ar','general','order_date',NULL,'2018-09-29 19:25:41','2018-09-29 19:25:41'),(542,0,'ar','general','go_to_payment',NULL,'2018-09-29 19:25:41','2018-09-29 19:25:41'),(543,0,'ar','general','products_search_results','المنتجات','2018-09-29 19:25:41','2018-10-16 17:36:32'),(544,0,'ar','general','related_products',NULL,'2018-09-29 19:25:41','2018-09-29 19:25:41'),(545,0,'ar','general','notes',NULL,'2018-09-29 19:25:41','2018-09-29 19:25:41'),(546,0,'ar','general','id',NULL,'2018-09-29 19:25:41','2018-09-29 19:25:41'),(547,0,'ar','general','status',NULL,'2018-09-29 19:25:41','2018-09-29 19:25:41'),(548,0,'ar','general','net_price',NULL,'2018-09-29 19:25:41','2018-09-29 19:25:41'),(549,0,'ar','general','more_information',NULL,'2018-09-29 19:25:41','2018-09-29 19:25:41'),(550,0,'ar','general','reference_id',NULL,'2018-09-29 19:25:41','2018-09-29 19:25:41'),(551,0,'ar','general','delivery_branch_location',NULL,'2018-09-29 19:25:41','2018-09-29 19:25:41'),(552,0,'ar','general','order_details',NULL,'2018-09-29 19:25:41','2018-09-29 19:25:41'),(553,0,'ar','message','search_not_correct',NULL,'2018-09-29 19:25:41','2018-09-29 19:25:41'),(554,0,'ar','general','maximum_qty_order_exceed_the_limit',NULL,'2018-09-29 19:25:41','2018-09-29 19:25:41'),(555,0,'ar','message','item_added_to_cart',NULL,'2018-09-29 19:25:41','2018-09-29 19:25:41'),(556,0,'ar','message','item_removed',NULL,'2018-09-29 19:25:41','2018-09-29 19:25:41'),(557,0,'ar','message','cart_destroyed',NULL,'2018-09-29 19:25:41','2018-09-29 19:25:41'),(558,0,'ar','general','coupon_not_correct',NULL,'2018-09-29 19:25:41','2018-09-29 19:25:41'),(559,0,'ar','message','coupon_shall_be_applied',NULL,'2018-09-29 19:25:41','2018-09-29 19:25:41'),(560,0,'ar','message','no_items_found',NULL,'2018-09-29 19:25:41','2018-09-29 19:25:41'),(561,0,'ar','message','favorite_saved',NULL,'2018-09-29 19:25:41','2018-09-29 19:25:41'),(562,0,'ar','general','favorite_deleted',NULL,'2018-09-29 19:25:41','2018-09-29 19:25:41'),(563,0,'ar','general','favorite_not_deleted',NULL,'2018-09-29 19:25:41','2018-09-29 19:25:41'),(564,0,'ar','message','store_success',NULL,'2018-09-29 19:25:41','2018-09-29 19:25:41'),(565,0,'ar','message','store_error',NULL,'2018-09-29 19:25:41','2018-09-29 19:25:41'),(566,0,'ar','message','update_success',NULL,'2018-09-29 19:25:41','2018-09-29 19:25:41'),(567,0,'ar','message','update_error',NULL,'2018-09-29 19:25:41','2018-09-29 19:25:41'),(568,0,'ar','message','delete_success',NULL,'2018-09-29 19:25:41','2018-09-29 19:25:41'),(569,0,'ar','message','delete_error',NULL,'2018-09-29 19:25:41','2018-09-29 19:25:41'),(570,0,'ar','_json','Remember Me',NULL,'2018-09-29 19:25:41','2018-09-29 19:25:41'),(571,0,'ar','_json','Login',NULL,'2018-09-29 19:25:41','2018-09-29 19:25:41'),(572,0,'ar','_json','Forgot Your Password?',NULL,'2018-09-29 19:25:41','2018-09-29 19:25:41'),(573,0,'ar','_json','Reset Password',NULL,'2018-09-29 19:25:41','2018-09-29 19:25:41'),(574,0,'ar','_json','E-Mail Address',NULL,'2018-09-29 19:25:41','2018-09-29 19:25:41'),(575,0,'ar','_json','Send Password Reset Link',NULL,'2018-09-29 19:25:41','2018-09-29 19:25:41'),(576,0,'ar','_json','Name',NULL,'2018-09-29 19:25:41','2018-09-29 19:25:41'),(577,0,'ar','_json','Password',NULL,'2018-09-29 19:25:41','2018-09-29 19:25:41'),(578,0,'ar','_json','Confirm Password',NULL,'2018-09-29 19:25:41','2018-09-29 19:25:41'),(579,0,'ar','_json','Register',NULL,'2018-09-29 19:25:41','2018-09-29 19:25:41'),(580,0,'ar','_json','checkout_as_guest',NULL,'2018-09-29 19:25:41','2018-09-29 19:25:41'),(581,0,'ar','_json','email',NULL,'2018-09-29 19:25:41','2018-09-29 19:25:41'),(582,0,'ar','_json','All rights reserved.',NULL,'2018-09-29 19:25:41','2018-09-29 19:25:41'),(583,0,'ar','_json','Whoops!',NULL,'2018-09-29 19:25:41','2018-09-29 19:25:41'),(584,0,'ar','_json','Hello!',NULL,'2018-09-29 19:25:41','2018-09-29 19:25:41'),(585,0,'ar','_json','Regards',NULL,'2018-09-29 19:25:41','2018-09-29 19:25:41'),(586,0,'ar','_json','please_check_your_information_again',NULL,'2018-09-29 19:25:41','2018-09-29 19:25:41'),(587,0,'en','general','meta_description','عبايات الكويت حراير لمسة عباية  روعة التصميم\nharayer harayer7 abaia abaya abayat','2018-09-29 19:28:23','2018-10-16 17:36:32'),(588,0,'ar','general','welcome_message',NULL,'2018-10-16 10:08:55','2018-10-16 10:08:55'),(589,0,'ar','general','remember_me',NULL,'2018-10-16 10:08:55','2018-10-16 10:08:55'),(590,0,'ar','general','create_new_account',NULL,'2018-10-16 10:08:55','2018-10-16 10:08:55'),(591,0,'ar','general','sign_up_today_and_get',NULL,'2018-10-16 10:08:55','2018-10-16 10:08:55'),(592,0,'ar','message','features',NULL,'2018-10-16 10:08:55','2018-10-16 10:08:55'),(593,0,'ar','message','register',NULL,'2018-10-16 10:08:55','2018-10-16 10:08:55'),(594,0,'ar','message','loading',NULL,'2018-10-16 10:08:56','2018-10-16 10:08:56'),(595,0,'ar','message','aboutus_message',NULL,'2018-10-16 10:08:56','2018-10-16 10:08:56'),(596,0,'ar','mesage','copy_right',NULL,'2018-10-16 10:08:56','2018-10-16 10:08:56'),(597,0,'ar','general','brands',NULL,'2018-10-16 10:08:56','2018-10-16 10:08:56'),(598,0,'ar','general','items','قطع','2018-10-16 10:08:56','2018-10-16 17:36:32'),(599,0,'ar','general','empty',NULL,'2018-10-16 10:08:56','2018-10-16 10:08:56'),(600,0,'ar','general','sizes',NULL,'2018-10-16 10:08:56','2018-10-16 10:08:56'),(601,0,'ar','general','shop',NULL,'2018-10-16 10:08:56','2018-10-16 10:08:56'),(602,0,'ar','general','products',NULL,'2018-10-16 10:08:56','2018-10-16 10:08:56'),(603,0,'ar','general','have_coupon',NULL,'2018-10-16 10:08:56','2018-10-16 10:08:56'),(604,0,'ar','general','shippment_package',NULL,'2018-10-16 10:08:56','2018-10-16 10:08:56'),(605,0,'ar','general','shippment',NULL,'2018-10-16 10:08:56','2018-10-16 10:08:56'),(606,0,'ar','message','no_products',NULL,'2018-10-16 10:08:56','2018-10-16 10:08:56'),(607,0,'ar','general','full_name',NULL,'2018-10-16 10:08:56','2018-10-16 10:08:56'),(608,0,'ar','general','tap_payment',NULL,'2018-10-16 10:08:56','2018-10-16 10:08:56'),(609,0,'ar','general','order',NULL,'2018-10-16 10:08:56','2018-10-16 10:08:56'),(610,0,'ar','general','shipment',NULL,'2018-10-16 10:08:56','2018-10-16 10:08:56'),(611,0,'ar','general','clear_cart',NULL,'2018-10-16 10:08:56','2018-10-16 10:08:56'),(612,0,'ar','general','place_order',NULL,'2018-10-16 10:08:56','2018-10-16 10:08:56'),(613,0,'ar','general','remove',NULL,'2018-10-16 10:08:56','2018-10-16 10:08:56'),(614,0,'ar','general','colors',NULL,'2018-10-16 10:08:56','2018-10-16 10:08:56'),(615,0,'ar','general','deal',NULL,'2018-10-16 10:08:56','2018-10-16 10:08:56'),(616,0,'ar','general','back_to','الرجوع إلى','2018-10-16 10:08:56','2018-10-16 17:36:32'),(617,0,'ar','general','in_stock','متاح','2018-10-16 10:08:56','2018-10-16 17:36:32'),(618,0,'ar','general','quantity',NULL,'2018-10-16 10:08:56','2018-10-16 10:08:56'),(619,0,'ar','general','sort',NULL,'2018-10-16 10:08:56','2018-10-16 10:08:56'),(620,0,'ar','general','alphabetic',NULL,'2018-10-16 10:08:56','2018-10-16 10:08:56'),(621,0,'ar','general','lowest_to_highest',NULL,'2018-10-16 10:08:56','2018-10-16 10:08:56'),(622,0,'ar','general','highest_to_lowest',NULL,'2018-10-16 10:08:56','2018-10-16 10:08:56'),(623,0,'ar','general','general.new_arrival',NULL,'2018-10-16 10:08:56','2018-10-16 10:08:56'),(624,0,'ar','general','general.on_sale_products',NULL,'2018-10-16 10:08:56','2018-10-16 10:08:56'),(625,0,'ar','general','general.best_sale_products',NULL,'2018-10-16 10:08:56','2018-10-16 10:08:56'),(626,0,'ar','_json','select_color',NULL,'2018-10-16 10:08:56','2018-10-16 10:08:56'),(627,0,'ar','_json','select_size',NULL,'2018-10-16 10:08:56','2018-10-16 10:08:56'),(628,0,'en','general','back_to','Back to','2018-10-16 10:09:42','2018-10-16 17:36:32'),(629,0,'en','general','approx','approx','2018-10-16 10:09:50','2018-10-16 17:36:32'),(630,0,'en','general','in_stock','In Stock','2018-10-16 10:11:28','2018-10-16 17:36:32'),(631,0,'en','general','out_of_stock','Out of Stock','2018-10-16 10:11:54','2018-10-16 17:36:32'),(632,0,'en','general','items','Items','2018-10-16 10:12:15','2018-10-16 17:36:32'),(633,0,'en','general','kd','KWD','2018-10-16 10:12:24','2018-10-16 17:36:32'),(634,0,'en','general','knet','K-net','2018-10-16 10:12:33','2018-10-16 17:36:32'),(635,0,'en','general','products','Products','2018-10-16 17:36:28','2018-10-16 17:36:32');
/*!40000 ALTER TABLE `ltm_translations` ENABLE KEYS */;
UNLOCK TABLES;

--
-- Table structure for table `migrations`
--

DROP TABLE IF EXISTS `migrations`;
/*!40101 SET @saved_cs_client     = @@character_set_client */;
/*!40101 SET character_set_client = utf8 */;
CREATE TABLE `migrations` (
  `id` int(10) unsigned NOT NULL AUTO_INCREMENT,
  `migration` varchar(255) COLLATE utf8mb4_unicode_ci NOT NULL,
  `batch` int(11) NOT NULL,
  PRIMARY KEY (`id`)
) ENGINE=InnoDB AUTO_INCREMENT=693 DEFAULT CHARSET=utf8mb4 COLLATE=utf8mb4_unicode_ci;
/*!40101 SET character_set_client = @saved_cs_client */;

--
-- Dumping data for table `migrations`
--

LOCK TABLES `migrations` WRITE;
/*!40000 ALTER TABLE `migrations` DISABLE KEYS */;
INSERT INTO `migrations` VALUES (5,'2015_06_01_175252_create_contactus_table',1),(663,'2014_04_02_193005_create_translations_table',2),(664,'2014_10_12_000000_create_users_table',2),(665,'2014_10_12_100000_create_password_resets_table',2),(666,'2015_05_10_131051_create_countries_table',2),(667,'2015_06_01_175252_create_settings_table',2),(668,'2015_11_12_130442_create_newsletters_table',2),(669,'2015_11_26_161501_create_currencies_table',2),(670,'2016_03_31_042323_create_branches_table',2),(671,'2016_04_11_121251_create_categories_table',2),(672,'2016_04_11_132819_create_coupons_table',2),(673,'2016_04_12_114116_create_products_table',2),(674,'2016_04_12_132811_create_orders_table',2),(675,'2016_04_12_132923_create_galleries_table',2),(676,'2016_04_12_132934_create_images_table',2),(677,'2016_04_23_201244_create_sliders_table',2),(678,'2016_04_28_092735_create_aboutus_table',2),(679,'2016_04_28_100741_create_faqs_table',2),(680,'2016_05_08_135022_create_category_product_pivot_table',2),(681,'2016_07_02_105450_create_sizes_table',2),(682,'2016_07_02_105506_create_colors_table',2),(683,'2016_07_03_142842_create_product_attributes_table',2),(684,'2016_07_03_152828_create_order_metas_table',2),(685,'2016_08_15_002956_create_policies_table',2),(686,'2017_09_08_204633_create_favorites_table',2),(687,'2018_05_10_112756_create_pages_table',2),(688,'2018_05_10_132547_create_terms_table',2),(689,'2018_05_15_045718_create_tags_table',2),(690,'2018_05_15_045805_create_product_tag_pivot_table',2),(691,'2018_05_22_102303_create_shoppingcart_table',2),(692,'2018_07_31_042536_create_shipment_packages_table',2);
/*!40000 ALTER TABLE `migrations` ENABLE KEYS */;
UNLOCK TABLES;

--
-- Table structure for table `newsletters`
--

DROP TABLE IF EXISTS `newsletters`;
/*!40101 SET @saved_cs_client     = @@character_set_client */;
/*!40101 SET character_set_client = utf8 */;
CREATE TABLE `newsletters` (
  `id` int(10) unsigned NOT NULL AUTO_INCREMENT,
  `name` varchar(255) COLLATE utf8mb4_unicode_ci DEFAULT NULL,
  `email` varchar(255) COLLATE utf8mb4_unicode_ci NOT NULL,
  `active` varchar(255) COLLATE utf8mb4_unicode_ci NOT NULL DEFAULT '1',
  `created_at` timestamp NULL DEFAULT NULL,
  `updated_at` timestamp NULL DEFAULT NULL,
  PRIMARY KEY (`id`),
  UNIQUE KEY `newsletters_email_unique` (`email`)
) ENGINE=InnoDB AUTO_INCREMENT=3 DEFAULT CHARSET=utf8mb4 COLLATE=utf8mb4_unicode_ci;
/*!40101 SET character_set_client = @saved_cs_client */;

--
-- Dumping data for table `newsletters`
--

LOCK TABLES `newsletters` WRITE;
/*!40000 ALTER TABLE `newsletters` DISABLE KEYS */;
INSERT INTO `newsletters` VALUES (1,'Dorthy Turcotte','schmidt.leon@yahoo.com','1','2018-08-20 01:34:29','2018-08-20 01:34:29'),(2,'Jalyn Mann','acremin@oconnell.com','0','2018-08-20 01:34:29','2018-08-20 01:34:29');
/*!40000 ALTER TABLE `newsletters` ENABLE KEYS */;
UNLOCK TABLES;

--
-- Table structure for table `order_metas`
--

DROP TABLE IF EXISTS `order_metas`;
/*!40101 SET @saved_cs_client     = @@character_set_client */;
/*!40101 SET character_set_client = utf8 */;
CREATE TABLE `order_metas` (
  `id` int(10) unsigned NOT NULL AUTO_INCREMENT,
  `order_id` int(10) unsigned NOT NULL,
  `product_id` int(10) unsigned NOT NULL,
  `product_attribute_id` int(10) unsigned NOT NULL,
  `qty` int(10) unsigned NOT NULL,
  `price` decimal(6,2) unsigned NOT NULL,
  `created_at` timestamp NULL DEFAULT NULL,
  `updated_at` timestamp NULL DEFAULT NULL,
  `deleted_at` timestamp NULL DEFAULT NULL,
  PRIMARY KEY (`id`),
  KEY `order_metas_order_id_index` (`order_id`),
  KEY `order_metas_product_id_index` (`product_id`),
  KEY `order_metas_product_attribute_id_index` (`product_attribute_id`),
  CONSTRAINT `order_metas_order_id_foreign` FOREIGN KEY (`order_id`) REFERENCES `orders` (`id`) ON DELETE CASCADE ON UPDATE CASCADE,
  CONSTRAINT `order_metas_product_attribute_id_foreign` FOREIGN KEY (`product_attribute_id`) REFERENCES `product_attributes` (`id`),
  CONSTRAINT `order_metas_product_id_foreign` FOREIGN KEY (`product_id`) REFERENCES `products` (`id`)
) ENGINE=InnoDB AUTO_INCREMENT=26 DEFAULT CHARSET=utf8mb4 COLLATE=utf8mb4_unicode_ci;
/*!40101 SET character_set_client = @saved_cs_client */;

--
-- Dumping data for table `order_metas`
--

LOCK TABLES `order_metas` WRITE;
/*!40000 ALTER TABLE `order_metas` DISABLE KEYS */;
INSERT INTO `order_metas` VALUES (1,1,2,6,3,121.31,'2018-08-20 01:34:29','2018-08-20 01:34:29',NULL),(2,1,2,4,3,121.31,'2018-08-20 01:34:29','2018-08-20 01:34:29',NULL),(3,1,2,5,1,121.31,'2018-08-20 01:34:29','2018-08-20 01:34:29',NULL),(4,2,2,5,1,121.31,'2018-08-20 01:34:29','2018-08-20 01:34:29',NULL),(5,2,1,1,2,184.82,'2018-08-20 01:34:29','2018-08-20 01:34:29',NULL),(6,2,2,4,1,121.31,'2018-08-20 01:34:29','2018-08-20 01:34:29',NULL),(7,3,94,363,1,50.00,'2018-10-03 08:59:12','2018-10-03 08:59:12',NULL),(8,4,94,363,1,50.00,'2018-10-03 08:59:24','2018-10-03 08:59:24',NULL),(9,5,97,375,1,1.00,'2018-10-06 14:04:26','2018-10-06 14:04:26',NULL),(10,6,97,375,1,1.00,'2018-10-06 14:10:36','2018-10-06 14:10:36',NULL),(11,7,97,375,1,1.00,'2018-10-06 14:37:06','2018-10-06 14:37:06',NULL),(12,8,97,375,1,1.00,'2018-10-06 14:52:28','2018-10-06 14:52:28',NULL),(13,9,97,375,1,1.00,'2018-10-06 15:21:03','2018-10-06 15:21:03',NULL),(14,10,95,367,1,70.00,'2018-10-07 04:56:06','2018-10-07 04:56:06',NULL),(15,11,95,367,1,70.00,'2018-10-07 04:56:21','2018-10-07 04:56:21',NULL),(16,12,96,371,1,60.00,'2018-10-08 09:10:55','2018-10-08 09:10:55',NULL),(17,13,97,375,1,1.00,'2018-10-10 15:11:07','2018-10-10 15:11:07',NULL),(18,14,92,358,1,50.00,'2018-10-13 12:17:27','2018-10-13 12:17:27',NULL),(19,15,97,375,1,1.00,'2018-10-13 12:36:14','2018-10-13 12:36:14',NULL),(20,16,92,358,1,50.00,'2018-10-13 12:41:36','2018-10-13 12:41:36',NULL),(21,16,97,375,1,1.00,'2018-10-13 12:41:36','2018-10-13 12:41:36',NULL),(22,17,97,375,1,1.00,'2018-10-14 13:29:06','2018-10-14 13:29:06',NULL),(23,18,84,326,1,65.00,'2018-10-16 11:50:54','2018-10-16 11:50:54',NULL),(24,19,96,374,1,60.00,'2018-10-16 11:55:06','2018-10-16 11:55:06',NULL),(25,20,96,374,1,60.00,'2018-10-16 11:56:04','2018-10-16 11:56:04',NULL);
/*!40000 ALTER TABLE `order_metas` ENABLE KEYS */;
UNLOCK TABLES;

--
-- Table structure for table `orders`
--

DROP TABLE IF EXISTS `orders`;
/*!40101 SET @saved_cs_client     = @@character_set_client */;
/*!40101 SET character_set_client = utf8 */;
CREATE TABLE `orders` (
  `id` int(10) unsigned NOT NULL AUTO_INCREMENT,
  `status` enum('pending','success','shipped','completed','failed','delivered') COLLATE utf8mb4_unicode_ci NOT NULL,
  `shipping_cost` decimal(6,2) unsigned NOT NULL,
  `price` decimal(6,2) unsigned NOT NULL,
  `discount` decimal(6,2) unsigned DEFAULT NULL,
  `net_price` decimal(6,2) unsigned NOT NULL,
  `email` varchar(255) COLLATE utf8mb4_unicode_ci DEFAULT NULL,
  `address` varchar(255) COLLATE utf8mb4_unicode_ci DEFAULT NULL,
  `country` varchar(255) COLLATE utf8mb4_unicode_ci DEFAULT NULL,
  `mobile` varchar(255) COLLATE utf8mb4_unicode_ci DEFAULT NULL,
  `phone` varchar(255) COLLATE utf8mb4_unicode_ci DEFAULT NULL,
  `reference_id` varchar(255) COLLATE utf8mb4_unicode_ci DEFAULT NULL,
  `payment_method` varchar(255) COLLATE utf8mb4_unicode_ci DEFAULT NULL,
  `user_id` int(10) unsigned NOT NULL,
  `receive_on_branch` tinyint(1) NOT NULL DEFAULT '0',
  `branch_id` int(10) unsigned DEFAULT NULL,
  `coupon_id` int(10) unsigned DEFAULT NULL,
  `created_at` timestamp NULL DEFAULT NULL,
  `updated_at` timestamp NULL DEFAULT NULL,
  `deleted_at` timestamp NULL DEFAULT NULL,
  PRIMARY KEY (`id`),
  KEY `orders_branch_id_foreign` (`branch_id`),
  KEY `orders_coupon_id_foreign` (`coupon_id`),
  KEY `orders_user_id_index` (`user_id`),
  CONSTRAINT `orders_branch_id_foreign` FOREIGN KEY (`branch_id`) REFERENCES `branches` (`id`) ON UPDATE CASCADE,
  CONSTRAINT `orders_coupon_id_foreign` FOREIGN KEY (`coupon_id`) REFERENCES `coupons` (`id`) ON UPDATE CASCADE,
  CONSTRAINT `orders_user_id_foreign` FOREIGN KEY (`user_id`) REFERENCES `users` (`id`)
) ENGINE=InnoDB AUTO_INCREMENT=21 DEFAULT CHARSET=utf8mb4 COLLATE=utf8mb4_unicode_ci;
/*!40101 SET character_set_client = @saved_cs_client */;

--
-- Dumping data for table `orders`
--

LOCK TABLES `orders` WRITE;
/*!40000 ALTER TABLE `orders` DISABLE KEYS */;
INSERT INTO `orders` VALUES (1,'failed',9.00,88.00,16.00,72.00,'gorczany.violette@gmail.com','59251 Fisher Dale Suite 260\nBernadetteville, CO 94373','kuwait','464110946593','898600049','01891544730','cash',3,0,2,2,'2018-08-20 01:34:29','2018-08-25 12:15:42','2018-08-25 12:15:42'),(2,'failed',7.00,60.00,22.00,38.00,'raynor.kelly@gmail.com','5382 Corrine Walk Apt. 575\nGrahambury, MD 02265','الإمارات','94040935298','3312735','85681308008823','cash',2,0,1,2,'2018-08-20 01:34:29','2018-08-25 12:15:37','2018-08-25 12:15:37'),(3,'pending',5.80,50.00,NULL,55.80,'nbauch@example.net','2926 Isidro LockWest Adeleview, OK 58804','Turkey','909072239596','993573049590',NULL,'visa',1,0,NULL,NULL,'2018-10-03 08:59:12','2018-10-06 14:38:09','2018-10-06 14:38:09'),(4,'pending',5.80,50.00,NULL,55.80,'nbauch@example.net','2926 Isidro LockWest Adeleview, OK 58804','Turkey','909072239596','993573049590',NULL,'knet',1,0,NULL,NULL,'2018-10-03 08:59:24','2018-10-06 14:38:31','2018-10-06 14:38:31'),(5,'pending',5.80,1.00,NULL,1.00,'nbauch@example.net','2926 Isidro LockWest Adeleview, OK 58804','Turkey','909072239596','993573049590',NULL,'knet',1,1,1,NULL,'2018-10-06 14:04:26','2018-10-06 14:38:26','2018-10-06 14:38:26'),(6,'pending',5.80,1.00,NULL,1.00,'nbauch@example.net','2926 Isidro LockWest Adeleview, OK 58804','Turkey','909072239596','993573049590',NULL,'knet',1,1,1,NULL,'2018-10-06 14:10:36','2018-10-06 14:38:21','2018-10-06 14:38:21'),(7,'pending',6.00,1.00,NULL,1.00,'nbauch@example.net','2926 Isidro LockWest Adeleview, OK 58804','Turkey','909072239596','993573049590',NULL,'knet',1,1,1,NULL,'2018-10-06 14:37:06','2018-10-06 14:38:16','2018-10-06 14:38:16'),(8,'pending',0.00,1.00,NULL,1.00,'nbauch@example.net','2926 Isidro LockWest Adeleview, OK 58804','Turkey','909072239596','993573049590',NULL,'knet',1,1,1,NULL,'2018-10-06 14:52:28','2018-10-13 11:47:16','2018-10-13 11:47:16'),(9,'pending',5.10,1.00,NULL,6.10,'harayermostafa@gmail.com','kuwait-farwinye','Kuwait','94120774','94120774',NULL,'knet',1,0,NULL,NULL,'2018-10-06 15:21:03','2018-10-13 11:47:12','2018-10-13 11:47:12'),(10,'pending',3.00,70.00,NULL,73.00,'nbauch@example.net','kuwait-farwinye','Kuwait','94120774','94120774',NULL,'knet',1,0,NULL,NULL,'2018-10-07 04:56:06','2018-10-13 11:47:09','2018-10-13 11:47:09'),(11,'pending',3.00,70.00,NULL,73.00,'nbauch@example.net','kuwait-farwinye','Kuwait','94120774','94120774',NULL,'knet',1,0,NULL,NULL,'2018-10-07 04:56:21','2018-10-13 11:47:04','2018-10-13 11:47:04'),(12,'pending',3.00,60.00,NULL,63.00,'nbauch@example.net','kuwait-farwinye','Kuwait','94120774','94120774','210082018823155573','knet',1,0,NULL,NULL,'2018-10-08 09:10:55','2018-10-13 11:47:01','2018-10-13 11:47:01'),(13,'pending',0.00,1.00,NULL,1.00,'nbauch@example.net','kuwait-farwinye','Kuwait','94120774','94120774','210102018161416140','knet',1,1,2,NULL,'2018-10-10 15:11:07','2018-10-13 11:46:55','2018-10-13 11:46:55'),(14,'pending',0.00,50.00,NULL,50.00,'nbauch@example.net','kuwait-farwinye','Kuwait','94120774','94120774','210132018732036547','knet',1,1,1,NULL,'2018-10-13 12:17:27','2018-10-13 12:17:32',NULL),(15,'pending',0.00,1.00,NULL,1.00,'nbauch@example.net','kuwait-farwinye','Kuwait','94120774','94120774','210132018833945760','knet',1,1,1,NULL,'2018-10-13 12:36:14','2018-10-14 12:42:45','2018-10-14 12:42:45'),(16,'pending',0.00,51.00,NULL,51.00,'nbauch@example.net','kuwait-farwinye','Kuwait','94120774','94120774','210132018834448443','knet',1,1,1,NULL,'2018-10-13 12:41:36','2018-10-14 12:42:40','2018-10-14 12:42:40'),(17,'pending',0.00,1.00,NULL,1.00,'harayermostafa@gmail.com','kuwait-farwinye','Kuwait','94120774','94120774','210142018643220943','knet',1,1,1,NULL,'2018-10-14 13:29:06','2018-10-14 13:29:15',NULL),(18,'pending',0.00,65.00,NULL,65.00,'nbauch@example.net','kuwait-farwinye','Kuwait','94120774','94120774','210162018325411113','tap',1,1,1,NULL,'2018-10-16 11:50:54','2018-10-16 11:51:03',NULL),(19,'pending',0.00,60.00,NULL,60.00,'nbauch@example.net','kuwait-farwinye','Kuwait','94120774','94120774',NULL,'tap',1,1,1,NULL,'2018-10-16 11:55:06','2018-10-16 11:55:06',NULL),(20,'pending',0.00,60.00,NULL,60.00,'nbauch@example.net','kuwait-farwinye','Kuwait','94120774','94120774',NULL,'tap',1,1,1,NULL,'2018-10-16 11:56:04','2018-10-17 04:19:48','2018-10-17 04:19:48');
/*!40000 ALTER TABLE `orders` ENABLE KEYS */;
UNLOCK TABLES;

--
-- Table structure for table `pages`
--

DROP TABLE IF EXISTS `pages`;
/*!40101 SET @saved_cs_client     = @@character_set_client */;
/*!40101 SET character_set_client = utf8 */;
CREATE TABLE `pages` (
  `id` int(10) unsigned NOT NULL AUTO_INCREMENT,
  `title_ar` varchar(255) COLLATE utf8mb4_unicode_ci DEFAULT NULL,
  `title_en` varchar(255) COLLATE utf8mb4_unicode_ci DEFAULT NULL,
  `slug_ar` varchar(255) COLLATE utf8mb4_unicode_ci DEFAULT NULL,
  `slug_en` varchar(255) COLLATE utf8mb4_unicode_ci DEFAULT NULL,
  `image` varchar(255) COLLATE utf8mb4_unicode_ci DEFAULT NULL,
  `url` varchar(255) COLLATE utf8mb4_unicode_ci DEFAULT NULL,
  `content_ar` text COLLATE utf8mb4_unicode_ci,
  `content_en` text COLLATE utf8mb4_unicode_ci,
  `order` int(11) DEFAULT NULL,
  `active` tinyint(1) NOT NULL DEFAULT '1',
  `on_menu_desktop` tinyint(1) NOT NULL DEFAULT '1',
  `on_menu_mobile` tinyint(1) NOT NULL DEFAULT '1',
  `on_footer` tinyint(1) NOT NULL DEFAULT '1',
  `created_at` timestamp NULL DEFAULT NULL,
  `updated_at` timestamp NULL DEFAULT NULL,
  PRIMARY KEY (`id`)
) ENGINE=InnoDB AUTO_INCREMENT=5 DEFAULT CHARSET=utf8mb4 COLLATE=utf8mb4_unicode_ci;
/*!40101 SET character_set_client = @saved_cs_client */;

--
-- Dumping data for table `pages`
--

LOCK TABLES `pages` WRITE;
/*!40000 ALTER TABLE `pages` DISABLE KEYS */;
INSERT INTO `pages` VALUES (1,'الشروط والأحكام','Conditions','الشروط والأحكام','Conditions','5.jpg','http://harayer7.com/page/1','<!DOCTYPE html>\r\n<html>\r\n<head>\r\n</head>\r\n<body>\r\n<h1 style=\"text-align: center;\"><strong>الشروط والأحكام&nbsp;</strong></h1>\r\n</body>\r\n</html>','<!DOCTYPE html>\r\n<html>\r\n<head>\r\n</head>\r\n<body>\r\n<h1 style=\"text-align: center;\"><strong>Conditions</strong></h1>\r\n</body>\r\n</html>',4,1,1,1,1,'2018-08-20 01:34:29','2018-08-25 23:56:24'),(2,'الاتصال بنا','Contact us','الاتصال بنا','CONTACT US','4.jpg','//harayer7.com/page/2','<!DOCTYPE html><html><head></head><body>\r\n<p style=\"text-align: center;\">&nbsp;</p>\r\n<p style=\"text-align: center;\"><iframe style=\"border: 0;\" src=\"//www.google.com/maps/embed?pb=!1m10!1m8!1m3!1d13906.811274369911!2d47.986168000000006!3d29.378989550000004!3m2!1i1024!2i768!4f13.1!5e0!3m2!1sen!2skw!4v1537462905344\" width=\"600\" height=\"450\" frameborder=\"0\" allowfullscreen=\"allowfullscreen\"></iframe></p>\r\n</body></html>','<!DOCTYPE html><html><head></head><body>\r\n<p style=\"text-align: center;\">Testing English</p>\r\n<p style=\"text-align: center;\"><iframe style=\"border: 0;\" src=\"//www.google.com/maps/embed?pb=!1m10!1m8!1m3!1d13906.811274369911!2d47.986168000000006!3d29.378989550000004!3m2!1i1024!2i768!4f13.1!5e0!3m2!1sen!2skw!4v1537462905344\" width=\"600\" height=\"450\" frameborder=\"0\" allowfullscreen=\"allowfullscreen\"></iframe></p>\r\n</body></html>',1,1,1,1,1,'2018-08-20 01:34:29','2018-09-23 13:15:41'),(3,'نبذة عنا','aboutus','نبذة عنا','About us','Z7ZyY0wjgrDhHYNlk7uyyo8jSsyvJO5JDl4rpYeE.png','//harayer7.com/page/3','<!DOCTYPE html><html><head></head><body>\r\n<p>نبذة عنا</p>\r\n</body></html>','<!DOCTYPE html><html><head></head><body>\r\n<p>aboutus</p>\r\n</body></html>',3,1,1,1,1,'2018-10-13 11:25:00','2018-10-13 11:29:00'),(4,'سياسة الموقع','site policy','سياسة الموقع','site policy','kg32EyP9TWpRFbN8Ck20Zbq0LNsuLaubVOZsicAS.png','//harayer7.com/page/4','<!DOCTYPE html><html><head></head><body>\r\n<p>site policy</p>\r\n</body></html>','<!DOCTYPE html><html><head></head><body>\r\n<p>site policy</p>\r\n</body></html>',4,1,1,1,1,'2018-10-13 11:30:27','2018-10-16 10:03:22');
/*!40000 ALTER TABLE `pages` ENABLE KEYS */;
UNLOCK TABLES;

--
-- Table structure for table `password_resets`
--

DROP TABLE IF EXISTS `password_resets`;
/*!40101 SET @saved_cs_client     = @@character_set_client */;
/*!40101 SET character_set_client = utf8 */;
CREATE TABLE `password_resets` (
  `email` varchar(255) COLLATE utf8mb4_unicode_ci NOT NULL,
  `token` varchar(255) COLLATE utf8mb4_unicode_ci NOT NULL,
  `created_at` timestamp NULL DEFAULT NULL,
  KEY `password_resets_email_index` (`email`)
) ENGINE=InnoDB DEFAULT CHARSET=utf8mb4 COLLATE=utf8mb4_unicode_ci;
/*!40101 SET character_set_client = @saved_cs_client */;

--
-- Dumping data for table `password_resets`
--

LOCK TABLES `password_resets` WRITE;
/*!40000 ALTER TABLE `password_resets` DISABLE KEYS */;
/*!40000 ALTER TABLE `password_resets` ENABLE KEYS */;
UNLOCK TABLES;

--
-- Table structure for table `policies`
--

DROP TABLE IF EXISTS `policies`;
/*!40101 SET @saved_cs_client     = @@character_set_client */;
/*!40101 SET character_set_client = utf8 */;
CREATE TABLE `policies` (
  `id` int(10) unsigned NOT NULL AUTO_INCREMENT,
  `title_ar` varchar(255) COLLATE utf8mb4_unicode_ci NOT NULL,
  `title_en` varchar(255) COLLATE utf8mb4_unicode_ci NOT NULL,
  `content_ar` text COLLATE utf8mb4_unicode_ci NOT NULL,
  `content_en` text COLLATE utf8mb4_unicode_ci NOT NULL,
  `created_at` timestamp NULL DEFAULT NULL,
  `updated_at` timestamp NULL DEFAULT NULL,
  PRIMARY KEY (`id`)
) ENGINE=InnoDB AUTO_INCREMENT=2 DEFAULT CHARSET=utf8mb4 COLLATE=utf8mb4_unicode_ci;
/*!40101 SET character_set_client = @saved_cs_client */;

--
-- Dumping data for table `policies`
--

LOCK TABLES `policies` WRITE;
/*!40000 ALTER TABLE `policies` DISABLE KEYS */;
INSERT INTO `policies` VALUES (1,'Rerum dolorem.','Porro.','Quis quia qui dolore consequuntur nobis. Aut mollitia blanditiis voluptas et. Quasi explicabo similique nobis dolor debitis quod. Necessitatibus assumenda in illum rerum deserunt consectetur accusantium. Animi omnis id necessitatibus nihil. Aliquam quo iusto et optio. Odit rerum voluptas tempora ab beatae atque.','Omnis rerum quia quidem aut. Rem fuga sint rerum accusamus qui. Est nihil eligendi quia modi deserunt quisquam. Aut harum sed quam. Dolores dolore eligendi necessitatibus. Perferendis autem aut et quia.','2018-08-20 01:34:28','2018-08-20 01:34:28');
/*!40000 ALTER TABLE `policies` ENABLE KEYS */;
UNLOCK TABLES;

--
-- Table structure for table `product_attributes`
--

DROP TABLE IF EXISTS `product_attributes`;
/*!40101 SET @saved_cs_client     = @@character_set_client */;
/*!40101 SET character_set_client = utf8 */;
CREATE TABLE `product_attributes` (
  `id` int(10) unsigned NOT NULL AUTO_INCREMENT,
  `product_id` int(10) unsigned NOT NULL,
  `size_id` int(10) unsigned NOT NULL,
  `color_id` int(10) unsigned NOT NULL,
  `qty` int(10) unsigned NOT NULL DEFAULT '0',
  `notes_ar` text COLLATE utf8mb4_unicode_ci,
  `notes_en` text COLLATE utf8mb4_unicode_ci,
  `created_at` timestamp NULL DEFAULT NULL,
  `updated_at` timestamp NULL DEFAULT NULL,
  `deleted_at` timestamp NULL DEFAULT NULL,
  PRIMARY KEY (`id`),
  KEY `product_attributes_product_id_index` (`product_id`),
  KEY `product_attributes_size_id_index` (`size_id`),
  KEY `product_attributes_color_id_index` (`color_id`),
  CONSTRAINT `product_attributes_color_id_foreign` FOREIGN KEY (`color_id`) REFERENCES `colors` (`id`),
  CONSTRAINT `product_attributes_product_id_foreign` FOREIGN KEY (`product_id`) REFERENCES `products` (`id`) ON UPDATE CASCADE,
  CONSTRAINT `product_attributes_size_id_foreign` FOREIGN KEY (`size_id`) REFERENCES `sizes` (`id`)
) ENGINE=InnoDB AUTO_INCREMENT=376 DEFAULT CHARSET=utf8mb4 COLLATE=utf8mb4_unicode_ci;
/*!40101 SET character_set_client = @saved_cs_client */;

--
-- Dumping data for table `product_attributes`
--

LOCK TABLES `product_attributes` WRITE;
/*!40000 ALTER TABLE `product_attributes` DISABLE KEYS */;
INSERT INTO `product_attributes` VALUES (1,1,1,3,26,'Nulla qui magni saepe temporibus quia aut. Aut nostrum commodi voluptatum facilis.','Eos quibusdam architecto rerum. Itaque minima distinctio esse ad doloribus officia.','2018-08-20 01:34:29','2018-08-20 01:34:29',NULL),(2,1,1,2,38,'Sit maxime pariatur et totam molestiae nam non eius.','Iusto ut voluptas ea itaque sed qui delectus.','2018-08-20 01:34:29','2018-08-20 01:34:29',NULL),(3,1,2,3,37,'Non quae consequuntur sed ipsum vel quae sunt.','Et facilis quis quas quam necessitatibus quibusdam quasi. Autem autem qui quo voluptas quia quis sequi.','2018-08-20 01:34:29','2018-08-20 01:34:29',NULL),(4,2,1,1,28,'Fugit sint et ex non suscipit esse. Fuga similique nulla cumque.','Nisi molestiae est laudantium deleniti facere. Hic eos aut dolor ex voluptatem ab rerum.','2018-08-20 01:34:29','2018-08-20 01:34:29',NULL),(5,2,1,1,38,'Officia sit est voluptate fugiat.','Eum voluptatem quidem adipisci delectus eaque.','2018-08-20 01:34:29','2018-08-20 01:34:29',NULL),(6,2,1,2,47,'Rerum qui dolore debitis placeat esse consequatur.','Nihil ducimus omnis omnis eveniet natus deserunt. Quaerat laudantium quia rerum unde voluptas ut est.','2018-08-20 01:34:29','2018-08-20 01:34:29',NULL),(7,3,1,3,8,NULL,NULL,'2018-08-27 14:36:55','2018-08-27 14:36:55',NULL),(8,4,3,2,10,NULL,NULL,'2018-08-27 14:54:11','2018-08-27 14:54:11',NULL),(9,5,1,3,12,NULL,NULL,'2018-08-27 15:08:36','2018-08-27 15:08:36',NULL),(10,6,1,1,100,NULL,NULL,'2018-09-02 09:11:53','2018-09-02 09:11:53',NULL),(11,6,2,1,100,NULL,NULL,'2018-09-02 09:12:01','2018-09-02 09:12:01',NULL),(12,6,3,1,100,NULL,NULL,'2018-09-02 09:12:10','2018-09-02 09:12:10',NULL),(13,7,1,1,100,NULL,NULL,'2018-09-02 09:20:52','2018-09-02 09:20:52',NULL),(14,7,2,1,100,NULL,NULL,'2018-09-02 09:21:06','2018-09-02 09:21:06',NULL),(15,7,3,1,100,NULL,NULL,'2018-09-02 09:21:14','2018-09-02 09:21:14',NULL),(16,8,1,1,100,NULL,NULL,'2018-09-10 11:32:10','2018-09-10 11:32:10',NULL),(17,8,2,1,100,NULL,NULL,'2018-09-10 11:32:19','2018-09-10 11:32:19',NULL),(18,8,3,1,100,NULL,NULL,'2018-09-10 11:32:35','2018-09-10 11:32:35',NULL),(19,8,1,5,100,NULL,NULL,'2018-09-10 11:32:48','2018-09-10 11:32:48',NULL),(20,8,2,5,100,NULL,NULL,'2018-09-10 11:33:00','2018-09-10 11:33:00',NULL),(21,8,3,5,100,NULL,NULL,'2018-09-10 11:33:12','2018-09-10 11:33:12',NULL),(22,8,1,7,100,NULL,NULL,'2018-09-10 11:33:30','2018-09-10 11:35:58',NULL),(23,8,2,7,100,NULL,NULL,'2018-09-10 11:33:39','2018-09-10 11:36:12',NULL),(24,8,3,7,100,NULL,NULL,'2018-09-10 11:33:48','2018-09-10 11:36:25',NULL),(25,9,1,1,100,NULL,NULL,'2018-09-10 12:06:35','2018-09-10 12:06:35',NULL),(26,9,2,1,100,NULL,NULL,'2018-09-10 12:06:41','2018-09-10 12:06:41',NULL),(27,9,3,1,100,NULL,NULL,'2018-09-10 12:06:48','2018-09-10 12:06:48',NULL),(28,10,1,1,100,NULL,NULL,'2018-09-10 12:11:33','2018-09-10 12:11:33',NULL),(29,10,2,1,100,NULL,NULL,'2018-09-10 12:11:39','2018-09-10 12:11:39',NULL),(30,10,3,1,100,NULL,NULL,'2018-09-10 12:11:48','2018-09-10 12:11:48',NULL),(31,11,1,1,100,NULL,NULL,'2018-09-10 12:15:26','2018-09-10 12:15:26',NULL),(32,11,2,1,100,NULL,NULL,'2018-09-10 12:15:32','2018-09-10 12:15:32',NULL),(33,11,3,1,100,NULL,NULL,'2018-09-10 12:15:43','2018-09-10 12:15:43',NULL),(34,12,1,1,100,NULL,NULL,'2018-09-10 12:22:58','2018-09-10 12:22:58',NULL),(35,12,2,1,100,NULL,NULL,'2018-09-10 12:23:05','2018-09-10 12:23:05',NULL),(36,12,3,1,100,NULL,NULL,'2018-09-10 12:23:12','2018-09-10 12:23:12',NULL),(37,13,1,1,100,NULL,NULL,'2018-09-10 12:29:16','2018-09-10 12:29:16',NULL),(38,13,2,1,100,NULL,NULL,'2018-09-10 12:29:27','2018-09-10 12:29:27',NULL),(39,13,3,1,100,NULL,NULL,'2018-09-10 12:29:41','2018-09-10 12:29:41',NULL),(40,14,1,1,100,NULL,NULL,'2018-09-10 12:33:25','2018-09-10 12:33:25',NULL),(41,14,2,1,100,NULL,NULL,'2018-09-10 12:33:31','2018-09-10 12:33:31',NULL),(42,14,3,1,100,NULL,NULL,'2018-09-10 12:33:39','2018-09-10 12:33:39',NULL),(43,15,1,1,100,NULL,NULL,'2018-09-10 12:39:51','2018-09-10 12:39:51',NULL),(44,15,2,1,100,NULL,NULL,'2018-09-10 12:39:58','2018-09-10 12:39:58',NULL),(45,15,3,1,100,NULL,NULL,'2018-09-10 12:40:05','2018-09-10 12:40:05',NULL),(46,16,1,1,100,NULL,NULL,'2018-09-10 12:46:35','2018-09-10 12:46:35',NULL),(47,16,2,1,100,NULL,NULL,'2018-09-10 12:46:43','2018-09-10 12:46:43',NULL),(48,16,3,1,100,NULL,NULL,'2018-09-10 12:46:50','2018-09-10 12:46:50',NULL),(49,17,1,1,100,NULL,NULL,'2018-09-10 12:53:49','2018-09-10 12:53:49',NULL),(50,17,2,1,100,NULL,NULL,'2018-09-10 12:53:56','2018-09-10 12:53:56',NULL),(51,17,3,1,100,NULL,NULL,'2018-09-10 12:54:02','2018-09-10 12:54:02',NULL),(52,18,1,1,100,NULL,NULL,'2018-09-10 13:06:18','2018-09-10 13:06:18',NULL),(53,18,2,1,100,NULL,NULL,'2018-09-10 13:06:24','2018-09-10 13:06:24',NULL),(54,18,3,1,100,NULL,NULL,'2018-09-10 13:06:32','2018-09-10 13:06:32',NULL),(55,19,1,1,100,NULL,NULL,'2018-09-10 14:31:34','2018-09-10 14:31:34',NULL),(56,19,2,1,100,NULL,NULL,'2018-09-10 14:31:41','2018-09-10 14:31:41',NULL),(57,19,3,1,100,NULL,NULL,'2018-09-10 14:31:48','2018-09-10 14:31:48',NULL),(58,20,1,1,100,NULL,NULL,'2018-09-10 14:41:19','2018-09-10 14:41:19',NULL),(59,20,2,1,100,NULL,NULL,'2018-09-10 14:41:25','2018-09-10 14:41:25',NULL),(60,20,3,1,100,NULL,NULL,'2018-09-10 14:41:32','2018-09-10 14:41:32',NULL),(61,21,1,4,100,NULL,NULL,'2018-09-10 14:46:32','2018-09-10 14:46:32',NULL),(62,21,2,4,100,NULL,NULL,'2018-09-10 14:46:42','2018-09-10 14:46:42',NULL),(63,21,3,4,100,NULL,NULL,'2018-09-10 14:46:53','2018-09-10 14:46:53',NULL),(64,22,1,8,100,NULL,NULL,'2018-09-10 14:52:36','2018-09-10 14:57:09',NULL),(65,22,2,8,100,NULL,NULL,'2018-09-10 14:52:43','2018-09-10 14:57:21',NULL),(66,22,3,8,100,NULL,NULL,'2018-09-10 14:52:49','2018-09-10 14:57:31',NULL),(67,23,1,1,100,NULL,NULL,'2018-09-10 15:04:25','2018-09-10 15:04:25',NULL),(68,23,2,1,100,NULL,NULL,'2018-09-10 15:04:34','2018-09-10 15:04:34',NULL),(69,23,3,1,100,NULL,NULL,'2018-09-10 15:04:42','2018-09-10 15:04:42',NULL),(70,24,1,1,100,NULL,NULL,'2018-09-10 15:09:35','2018-09-10 15:09:35',NULL),(71,24,2,1,100,NULL,NULL,'2018-09-10 15:09:43','2018-09-10 15:09:43',NULL),(72,24,3,1,100,NULL,NULL,'2018-09-10 15:09:50','2018-09-10 15:09:50',NULL),(73,6,4,1,100,NULL,NULL,'2018-09-11 09:30:00','2018-09-11 09:30:00',NULL),(74,24,4,1,100,NULL,NULL,'2018-09-11 09:31:14','2018-09-11 09:31:14',NULL),(75,7,4,1,100,NULL,NULL,'2018-09-11 09:36:11','2018-09-11 09:36:11',NULL),(76,8,4,1,100,NULL,NULL,'2018-09-11 09:36:52','2018-09-11 09:36:52',NULL),(77,8,4,7,100,NULL,NULL,'2018-09-11 09:37:03','2018-09-11 09:37:03',NULL),(78,8,4,5,100,NULL,NULL,'2018-09-11 09:37:14','2018-09-11 09:37:14',NULL),(79,9,4,1,100,NULL,NULL,'2018-09-11 09:37:44','2018-09-11 09:37:44',NULL),(80,11,4,1,100,NULL,NULL,'2018-09-11 09:38:12','2018-09-11 09:38:12',NULL),(81,23,4,1,100,NULL,NULL,'2018-09-11 09:38:35','2018-09-11 09:38:35',NULL),(82,22,4,8,100,NULL,NULL,'2018-09-11 09:39:00','2018-09-11 09:39:00',NULL),(83,21,4,4,100,NULL,NULL,'2018-09-11 09:39:38','2018-09-11 09:39:38',NULL),(84,20,4,1,100,NULL,NULL,'2018-09-11 09:40:02','2018-09-11 09:40:02',NULL),(85,19,4,1,100,NULL,NULL,'2018-09-11 09:40:28','2018-09-11 09:40:28',NULL),(86,18,4,1,100,NULL,NULL,'2018-09-11 09:40:56','2018-09-11 09:40:56',NULL),(87,16,4,1,100,NULL,NULL,'2018-09-11 09:41:21','2018-09-11 09:41:21',NULL),(88,15,4,1,100,NULL,NULL,'2018-09-11 09:41:43','2018-09-11 09:41:43',NULL),(89,14,4,1,100,NULL,NULL,'2018-09-11 09:42:08','2018-09-11 09:42:08',NULL),(90,12,4,1,100,NULL,NULL,'2018-09-11 09:42:35','2018-09-11 09:42:35',NULL),(91,13,4,1,100,NULL,NULL,'2018-09-11 09:43:10','2018-09-11 09:43:10',NULL),(92,25,1,1,100,NULL,NULL,'2018-09-11 11:58:20','2018-09-11 11:58:20',NULL),(93,25,2,1,100,NULL,NULL,'2018-09-11 11:58:27','2018-09-11 11:58:27',NULL),(94,25,3,1,100,NULL,NULL,'2018-09-11 11:58:34','2018-09-11 11:58:34',NULL),(95,25,4,1,100,NULL,NULL,'2018-09-11 11:58:46','2018-09-11 11:58:46',NULL),(96,26,1,1,100,NULL,NULL,'2018-09-11 12:04:09','2018-09-11 12:04:09',NULL),(97,26,2,1,100,NULL,NULL,'2018-09-11 12:04:17','2018-09-11 12:04:17',NULL),(98,26,3,1,100,NULL,NULL,'2018-09-11 12:04:25','2018-09-11 12:04:25',NULL),(99,26,4,1,100,NULL,NULL,'2018-09-11 12:04:32','2018-09-11 12:04:32',NULL),(100,27,1,1,100,NULL,NULL,'2018-09-11 12:09:21','2018-09-11 12:09:21',NULL),(101,27,2,1,100,NULL,NULL,'2018-09-11 12:09:28','2018-09-11 12:09:28',NULL),(102,27,3,1,100,NULL,NULL,'2018-09-11 12:09:35','2018-09-11 12:09:35',NULL),(103,27,4,1,100,NULL,NULL,'2018-09-11 12:09:42','2018-09-11 12:09:42',NULL),(104,28,1,1,100,NULL,NULL,'2018-09-11 12:20:03','2018-09-11 12:20:03',NULL),(105,28,2,1,100,NULL,NULL,'2018-09-11 12:20:09','2018-09-11 12:20:09',NULL),(106,28,3,1,100,NULL,NULL,'2018-09-11 12:20:16','2018-09-11 12:20:16',NULL),(107,28,4,1,100,NULL,NULL,'2018-09-11 12:20:24','2018-09-11 12:20:24',NULL),(108,29,1,1,100,NULL,NULL,'2018-09-11 12:26:33','2018-09-11 12:26:33',NULL),(109,29,2,1,100,NULL,NULL,'2018-09-11 12:26:40','2018-09-11 12:26:40',NULL),(110,29,3,1,100,NULL,NULL,'2018-09-11 12:26:47','2018-09-11 12:26:47',NULL),(111,29,4,1,100,NULL,NULL,'2018-09-11 12:26:54','2018-09-11 12:26:54',NULL),(112,30,1,1,100,NULL,NULL,'2018-09-11 12:31:20','2018-09-11 12:31:20',NULL),(113,30,2,1,100,NULL,NULL,'2018-09-11 12:31:26','2018-09-11 12:31:26',NULL),(114,30,3,1,100,NULL,NULL,'2018-09-11 12:31:33','2018-09-11 12:31:33',NULL),(115,30,4,1,100,NULL,NULL,'2018-09-11 12:31:42','2018-09-11 12:31:42',NULL),(116,31,1,1,100,NULL,NULL,'2018-09-11 12:46:10','2018-09-11 12:46:10',NULL),(117,31,2,1,100,NULL,NULL,'2018-09-11 12:46:17','2018-09-11 12:46:17',NULL),(118,31,3,1,100,NULL,NULL,'2018-09-11 12:46:25','2018-09-11 12:46:25',NULL),(119,31,4,1,100,NULL,NULL,'2018-09-11 12:46:31','2018-09-11 12:46:31',NULL),(120,32,1,1,100,NULL,NULL,'2018-09-11 13:01:58','2018-09-11 13:01:58',NULL),(121,32,2,1,100,NULL,NULL,'2018-09-11 13:02:07','2018-09-11 13:02:07',NULL),(122,32,3,1,100,NULL,NULL,'2018-09-11 13:02:14','2018-09-11 13:02:14',NULL),(123,32,4,1,100,NULL,NULL,'2018-09-11 13:02:20','2018-09-11 13:02:20',NULL),(124,33,1,1,100,NULL,NULL,'2018-09-11 13:54:51','2018-09-11 13:54:51',NULL),(125,33,2,1,100,NULL,NULL,'2018-09-11 13:54:59','2018-09-11 13:54:59',NULL),(126,33,3,1,100,NULL,NULL,'2018-09-11 13:55:08','2018-09-11 13:55:08',NULL),(127,33,4,1,100,NULL,NULL,'2018-09-11 13:55:16','2018-09-11 13:55:16',NULL),(128,34,1,1,100,NULL,NULL,'2018-09-11 14:02:44','2018-09-11 14:02:44',NULL),(129,34,2,1,100,NULL,NULL,'2018-09-11 14:03:50','2018-09-11 14:03:50',NULL),(130,34,3,1,100,NULL,NULL,'2018-09-11 14:03:59','2018-09-11 14:03:59',NULL),(131,34,4,1,100,NULL,NULL,'2018-09-11 14:04:10','2018-09-11 14:04:10',NULL),(132,35,1,1,100,NULL,NULL,'2018-09-11 14:08:41','2018-09-11 14:08:41',NULL),(133,35,2,1,100,NULL,NULL,'2018-09-11 14:08:59','2018-09-11 14:08:59',NULL),(134,35,3,1,100,NULL,NULL,'2018-09-11 14:09:09','2018-09-11 14:09:09',NULL),(135,35,4,1,100,NULL,NULL,'2018-09-11 14:09:20','2018-09-11 14:09:20',NULL),(136,36,1,1,100,NULL,NULL,'2018-09-12 12:31:44','2018-09-12 12:31:44',NULL),(137,36,2,1,100,NULL,NULL,'2018-09-12 12:31:50','2018-09-12 12:31:50',NULL),(138,36,3,1,100,NULL,NULL,'2018-09-12 12:31:57','2018-09-12 12:31:57',NULL),(139,36,4,1,100,NULL,NULL,'2018-09-12 12:32:05','2018-09-12 12:32:05',NULL),(140,36,4,1,100,NULL,NULL,'2018-09-12 12:32:34','2018-09-12 12:32:34',NULL),(141,37,1,1,100,NULL,NULL,'2018-09-12 12:42:52','2018-09-12 12:42:52',NULL),(142,37,2,1,100,NULL,NULL,'2018-09-12 12:43:03','2018-09-12 12:43:03',NULL),(143,37,3,1,100,NULL,NULL,'2018-09-12 12:43:14','2018-09-12 12:43:14',NULL),(144,37,4,1,100,NULL,NULL,'2018-09-12 12:43:23','2018-09-12 12:43:23',NULL),(145,38,1,1,100,NULL,NULL,'2018-09-12 12:53:38','2018-09-12 12:53:38',NULL),(146,38,2,1,100,NULL,NULL,'2018-09-12 12:53:47','2018-09-12 12:53:47',NULL),(147,38,3,1,100,NULL,NULL,'2018-09-12 12:53:54','2018-09-12 12:53:54',NULL),(148,38,4,1,100,NULL,NULL,'2018-09-12 12:54:01','2018-09-12 12:54:01',NULL),(149,39,1,1,100,NULL,NULL,'2018-09-12 12:59:14','2018-09-12 12:59:14',NULL),(150,39,2,1,100,NULL,NULL,'2018-09-12 12:59:21','2018-09-12 12:59:21',NULL),(151,39,3,1,100,NULL,NULL,'2018-09-12 12:59:29','2018-09-12 12:59:29',NULL),(152,39,4,1,100,NULL,NULL,'2018-09-12 12:59:36','2018-09-12 12:59:36',NULL),(153,40,1,1,100,NULL,NULL,'2018-09-12 13:03:57','2018-09-12 13:03:57',NULL),(154,40,2,1,100,NULL,NULL,'2018-09-12 13:04:14','2018-09-12 13:04:14',NULL),(155,40,3,1,100,NULL,NULL,'2018-09-12 13:04:29','2018-09-12 13:04:29',NULL),(156,40,4,1,100,NULL,NULL,'2018-09-12 13:04:40','2018-09-12 13:04:40',NULL),(157,41,1,1,100,NULL,NULL,'2018-09-12 13:11:48','2018-09-12 13:11:48',NULL),(158,41,2,1,100,NULL,NULL,'2018-09-12 13:11:55','2018-09-12 13:11:55',NULL),(159,41,3,1,100,NULL,NULL,'2018-09-12 13:12:04','2018-09-12 13:12:04',NULL),(160,41,4,1,100,NULL,NULL,'2018-09-12 13:13:59','2018-09-12 13:13:59',NULL),(161,42,1,1,100,NULL,NULL,'2018-09-12 13:22:52','2018-09-12 13:22:52',NULL),(162,42,2,1,100,NULL,NULL,'2018-09-12 13:22:59','2018-09-12 13:22:59',NULL),(163,42,3,1,100,NULL,NULL,'2018-09-12 13:23:05','2018-09-12 13:23:05',NULL),(164,42,4,1,100,NULL,NULL,'2018-09-12 13:23:12','2018-09-12 13:23:12',NULL),(165,43,1,1,100,NULL,NULL,'2018-09-12 13:39:12','2018-09-12 13:39:12',NULL),(166,43,2,1,100,NULL,NULL,'2018-09-12 13:39:18','2018-09-12 13:39:18',NULL),(167,43,3,1,100,NULL,NULL,'2018-09-12 13:39:24','2018-09-12 13:39:24',NULL),(168,43,4,1,100,NULL,NULL,'2018-09-12 13:39:30','2018-09-12 13:39:30',NULL),(169,44,1,1,100,NULL,NULL,'2018-09-12 13:45:35','2018-09-12 13:45:35',NULL),(170,44,2,1,100,NULL,NULL,'2018-09-12 13:45:48','2018-09-12 13:45:48',NULL),(171,44,3,1,100,NULL,NULL,'2018-09-12 13:45:56','2018-09-12 13:45:56',NULL),(172,44,4,1,100,NULL,NULL,'2018-09-12 13:46:04','2018-09-12 13:46:04',NULL),(173,45,1,1,100,NULL,NULL,'2018-09-12 13:51:19','2018-09-12 13:51:19',NULL),(174,45,2,1,100,NULL,NULL,'2018-09-12 13:51:31','2018-09-12 13:51:31',NULL),(175,45,3,1,100,NULL,NULL,'2018-09-12 13:52:42','2018-09-12 13:52:42',NULL),(176,45,4,1,100,NULL,NULL,'2018-09-12 13:52:48','2018-09-12 13:52:48',NULL),(177,46,1,1,100,NULL,NULL,'2018-09-12 14:03:59','2018-09-12 14:03:59',NULL),(178,46,2,1,100,NULL,NULL,'2018-09-12 14:04:06','2018-09-12 14:04:06',NULL),(179,46,3,1,100,NULL,NULL,'2018-09-12 14:04:14','2018-09-12 14:04:14',NULL),(180,46,4,1,100,NULL,NULL,'2018-09-12 14:04:21','2018-09-12 14:04:46',NULL),(181,47,1,1,100,NULL,NULL,'2018-09-12 14:07:41','2018-09-12 14:07:41',NULL),(182,47,2,1,100,NULL,NULL,'2018-09-12 14:07:48','2018-09-12 14:07:48',NULL),(183,47,3,1,100,NULL,NULL,'2018-09-12 14:07:55','2018-09-12 14:07:55',NULL),(184,47,4,1,100,NULL,NULL,'2018-09-12 14:08:04','2018-09-12 14:08:04',NULL),(185,48,1,1,100,NULL,NULL,'2018-09-12 14:17:50','2018-09-12 14:17:50',NULL),(186,48,2,1,100,NULL,NULL,'2018-09-12 14:17:59','2018-09-12 14:17:59',NULL),(187,48,3,1,100,NULL,NULL,'2018-09-12 14:18:11','2018-09-12 14:18:11',NULL),(188,48,4,1,100,NULL,NULL,'2018-09-12 14:18:21','2018-09-12 14:18:21',NULL),(189,49,1,1,100,NULL,NULL,'2018-09-12 14:24:09','2018-09-12 14:24:09',NULL),(190,49,2,1,100,NULL,NULL,'2018-09-12 14:24:18','2018-09-12 14:24:18',NULL),(191,49,3,1,100,NULL,NULL,'2018-09-12 14:24:24','2018-09-12 14:24:24',NULL),(192,49,3,1,100,NULL,NULL,'2018-09-12 14:24:33','2018-09-12 14:24:33',NULL),(193,49,4,1,100,NULL,NULL,'2018-09-12 14:24:43','2018-09-12 14:24:43',NULL),(194,50,1,1,100,NULL,NULL,'2018-09-12 15:00:55','2018-09-12 15:00:55',NULL),(195,50,2,1,100,NULL,NULL,'2018-09-12 15:01:02','2018-09-12 15:01:02',NULL),(196,50,3,1,100,NULL,NULL,'2018-09-12 15:01:11','2018-09-12 15:01:11',NULL),(197,50,4,1,100,NULL,NULL,'2018-09-12 15:01:17','2018-09-12 15:01:17',NULL),(198,51,1,1,100,NULL,NULL,'2018-09-12 15:05:28','2018-09-12 15:05:28',NULL),(199,51,2,1,100,NULL,NULL,'2018-09-12 15:05:36','2018-09-12 15:05:36',NULL),(200,51,3,1,100,NULL,NULL,'2018-09-12 15:05:43','2018-09-12 15:05:43',NULL),(201,51,4,1,100,NULL,NULL,'2018-09-12 15:05:49','2018-09-12 15:05:49',NULL),(202,52,1,1,100,NULL,NULL,'2018-09-12 15:20:39','2018-09-12 15:20:39',NULL),(203,52,2,1,100,NULL,NULL,'2018-09-12 15:20:49','2018-09-12 15:20:49',NULL),(204,52,3,1,100,NULL,NULL,'2018-09-12 15:20:56','2018-09-12 15:20:56',NULL),(205,52,4,1,100,NULL,NULL,'2018-09-12 15:21:03','2018-09-12 15:21:03',NULL),(206,54,1,1,100,NULL,NULL,'2018-09-12 15:29:01','2018-09-12 15:29:01',NULL),(207,54,2,1,100,NULL,NULL,'2018-09-12 15:29:09','2018-09-12 15:29:09',NULL),(208,54,3,1,100,NULL,NULL,'2018-09-12 15:29:14','2018-09-12 15:29:14',NULL),(209,54,4,1,100,NULL,NULL,'2018-09-12 15:29:22','2018-09-12 15:29:22',NULL),(210,55,1,1,100,NULL,NULL,'2018-09-12 15:32:54','2018-09-12 15:32:54',NULL),(211,55,2,1,100,NULL,NULL,'2018-09-12 15:33:02','2018-09-12 15:33:02',NULL),(212,55,3,1,100,NULL,NULL,'2018-09-12 15:33:10','2018-09-12 15:33:10',NULL),(213,55,4,1,100,NULL,NULL,'2018-09-12 15:33:23','2018-09-12 15:33:23',NULL),(214,56,1,1,100,NULL,NULL,'2018-09-15 13:07:10','2018-09-15 13:07:10',NULL),(215,56,2,1,100,NULL,NULL,'2018-09-15 13:07:17','2018-09-15 13:07:17',NULL),(216,56,3,1,100,NULL,NULL,'2018-09-15 13:07:25','2018-09-15 13:07:25',NULL),(217,56,4,1,100,NULL,NULL,'2018-09-15 13:07:32','2018-09-15 13:07:32',NULL),(218,57,1,1,100,NULL,NULL,'2018-09-15 14:17:39','2018-09-15 14:17:39',NULL),(219,57,2,1,100,NULL,NULL,'2018-09-15 14:17:45','2018-09-15 14:17:45',NULL),(220,57,3,1,100,NULL,NULL,'2018-09-15 14:17:52','2018-09-15 14:17:52',NULL),(221,57,4,1,100,NULL,NULL,'2018-09-15 14:17:58','2018-09-15 14:17:58',NULL),(222,58,1,1,100,NULL,NULL,'2018-09-17 07:33:07','2018-09-17 07:33:07',NULL),(223,58,2,1,100,NULL,NULL,'2018-09-17 07:33:14','2018-09-17 07:33:14',NULL),(224,58,3,1,100,NULL,NULL,'2018-09-17 07:34:04','2018-09-17 07:34:04',NULL),(225,58,4,1,100,NULL,NULL,'2018-09-17 07:34:11','2018-09-17 07:34:11',NULL),(226,59,1,1,100,NULL,NULL,'2018-09-17 07:37:26','2018-09-17 07:37:26',NULL),(227,59,2,1,100,NULL,NULL,'2018-09-17 07:37:33','2018-09-17 07:37:33',NULL),(228,59,3,1,100,NULL,NULL,'2018-09-17 07:37:40','2018-09-17 07:37:40',NULL),(229,59,4,1,100,NULL,NULL,'2018-09-17 07:37:48','2018-09-17 07:37:48',NULL),(230,60,1,1,100,NULL,NULL,'2018-09-17 07:50:58','2018-09-17 07:50:58',NULL),(231,60,2,1,100,NULL,NULL,'2018-09-17 07:51:09','2018-09-17 07:51:09',NULL),(232,60,3,1,100,NULL,NULL,'2018-09-17 07:55:14','2018-09-17 07:55:14',NULL),(233,60,4,1,100,NULL,NULL,'2018-09-17 07:55:23','2018-09-17 07:55:23',NULL),(234,61,1,1,100,NULL,NULL,'2018-09-17 08:02:57','2018-09-17 08:02:57',NULL),(235,61,2,1,100,NULL,NULL,'2018-09-17 08:03:04','2018-09-17 08:03:04',NULL),(236,61,3,1,100,NULL,NULL,'2018-09-17 08:03:10','2018-09-17 08:03:10',NULL),(237,61,4,1,100,NULL,NULL,'2018-09-17 08:03:20','2018-09-17 08:03:20',NULL),(238,62,1,1,100,NULL,NULL,'2018-09-17 08:07:48','2018-09-17 08:07:48',NULL),(239,62,2,1,100,NULL,NULL,'2018-09-17 08:07:58','2018-09-17 08:07:58',NULL),(240,62,3,1,100,NULL,NULL,'2018-09-17 08:08:07','2018-09-17 08:08:07',NULL),(241,62,4,1,100,NULL,NULL,'2018-09-17 08:08:15','2018-09-17 08:08:15',NULL),(242,63,1,1,100,NULL,NULL,'2018-09-17 08:17:22','2018-09-17 08:17:22',NULL),(243,63,2,1,100,NULL,NULL,'2018-09-17 08:17:29','2018-09-17 08:17:29',NULL),(244,63,3,1,100,NULL,NULL,'2018-09-17 08:17:35','2018-09-17 08:17:35',NULL),(245,63,4,1,100,NULL,NULL,'2018-09-17 08:17:43','2018-09-17 08:17:43',NULL),(246,64,1,1,100,NULL,NULL,'2018-09-17 08:20:41','2018-09-17 08:20:41',NULL),(247,64,2,1,100,NULL,NULL,'2018-09-17 08:20:48','2018-09-17 08:20:48',NULL),(248,64,3,1,100,NULL,NULL,'2018-09-17 08:21:12','2018-09-17 08:21:12',NULL),(249,64,4,1,100,NULL,NULL,'2018-09-17 08:21:34','2018-09-17 08:21:34',NULL),(250,65,1,1,100,NULL,NULL,'2018-09-17 08:24:05','2018-09-17 08:24:05',NULL),(251,65,2,1,100,NULL,NULL,'2018-09-17 08:24:12','2018-09-17 08:24:12',NULL),(252,65,3,1,100,NULL,NULL,'2018-09-17 08:24:18','2018-09-17 08:24:18',NULL),(253,65,4,1,100,NULL,NULL,'2018-09-17 08:24:24','2018-09-17 08:24:24',NULL),(254,66,1,1,100,NULL,NULL,'2018-09-17 08:28:43','2018-09-17 08:28:43',NULL),(255,66,2,1,100,NULL,NULL,'2018-09-17 08:28:56','2018-09-17 08:28:56',NULL),(256,66,3,1,100,NULL,NULL,'2018-09-17 08:37:09','2018-09-17 08:37:09',NULL),(257,66,4,1,100,NULL,NULL,'2018-09-17 08:37:22','2018-09-17 08:37:22',NULL),(258,67,1,1,100,NULL,NULL,'2018-09-24 08:41:29','2018-09-24 08:41:29',NULL),(259,67,2,1,100,NULL,NULL,'2018-09-24 08:41:36','2018-09-24 08:41:36',NULL),(260,67,3,1,100,NULL,NULL,'2018-09-24 08:41:42','2018-09-24 08:41:42',NULL),(261,67,4,1,100,NULL,NULL,'2018-09-24 08:41:48','2018-09-24 08:41:48',NULL),(262,68,1,1,100,NULL,NULL,'2018-09-24 08:47:24','2018-09-24 08:47:24',NULL),(263,68,2,1,100,NULL,NULL,'2018-09-24 08:47:32','2018-09-24 08:47:32',NULL),(264,68,3,1,100,NULL,NULL,'2018-09-24 08:47:38','2018-09-24 08:47:38',NULL),(265,68,4,1,100,NULL,NULL,'2018-09-24 08:47:45','2018-09-24 08:47:45',NULL),(266,69,1,1,100,NULL,NULL,'2018-09-24 08:52:10','2018-09-24 08:52:10',NULL),(267,69,2,1,100,NULL,NULL,'2018-09-24 08:52:17','2018-09-24 08:52:17',NULL),(268,69,3,1,100,NULL,NULL,'2018-09-24 08:52:23','2018-09-24 08:52:23',NULL),(269,69,4,1,100,NULL,NULL,'2018-09-24 08:53:04','2018-09-24 08:53:04',NULL),(270,70,1,1,100,NULL,NULL,'2018-09-24 08:59:39','2018-09-24 08:59:39',NULL),(271,70,2,1,100,NULL,NULL,'2018-09-24 08:59:46','2018-09-24 08:59:46',NULL),(272,70,3,1,100,NULL,NULL,'2018-09-24 08:59:52','2018-09-24 08:59:52',NULL),(273,70,4,1,100,NULL,NULL,'2018-09-24 09:00:01','2018-09-24 09:00:01',NULL),(274,71,1,1,100,NULL,NULL,'2018-09-24 09:03:59','2018-09-24 09:03:59',NULL),(275,71,2,1,100,NULL,NULL,'2018-09-24 09:04:06','2018-09-24 09:04:06',NULL),(276,71,3,1,100,NULL,NULL,'2018-09-24 09:04:16','2018-09-24 09:04:16',NULL),(277,71,4,1,100,NULL,NULL,'2018-09-24 09:04:22','2018-09-24 09:04:22',NULL),(278,72,1,1,100,NULL,NULL,'2018-09-24 09:11:30','2018-09-24 09:11:30',NULL),(279,72,2,1,100,NULL,NULL,'2018-09-24 09:11:39','2018-09-24 09:11:39',NULL),(280,72,3,1,100,NULL,NULL,'2018-09-24 09:12:01','2018-09-24 09:12:01',NULL),(281,72,4,1,100,NULL,NULL,'2018-09-24 09:12:08','2018-09-24 09:12:08',NULL),(282,73,1,1,100,NULL,NULL,'2018-09-24 09:15:09','2018-09-24 09:15:09',NULL),(283,73,2,1,100,NULL,NULL,'2018-09-24 09:15:15','2018-09-24 09:15:15',NULL),(284,73,3,1,100,NULL,NULL,'2018-09-24 09:15:23','2018-09-24 09:15:23',NULL),(285,73,4,1,100,NULL,NULL,'2018-09-24 09:15:29','2018-09-24 09:15:29',NULL),(286,74,1,1,100,NULL,NULL,'2018-09-24 12:27:33','2018-09-24 12:27:33',NULL),(287,74,2,1,100,NULL,NULL,'2018-09-24 12:27:40','2018-09-24 12:27:40',NULL),(288,74,3,1,100,NULL,NULL,'2018-09-24 12:27:48','2018-09-24 12:27:48',NULL),(289,74,4,1,100,NULL,NULL,'2018-09-24 12:27:57','2018-09-24 12:27:57',NULL),(290,75,1,1,100,NULL,NULL,'2018-09-24 12:33:13','2018-09-24 12:33:13',NULL),(291,75,2,1,100,NULL,NULL,'2018-09-24 12:33:20','2018-09-24 12:33:20',NULL),(292,75,3,1,100,NULL,NULL,'2018-09-24 12:33:47','2018-09-24 12:33:47',NULL),(293,75,4,1,100,NULL,NULL,'2018-09-24 12:34:11','2018-09-24 12:34:11',NULL),(294,76,1,1,100,NULL,NULL,'2018-09-24 12:41:54','2018-09-24 12:41:54',NULL),(295,76,2,1,100,NULL,NULL,'2018-09-24 12:42:03','2018-09-24 12:42:03',NULL),(296,76,3,1,100,NULL,NULL,'2018-09-24 12:42:10','2018-09-24 12:42:10',NULL),(297,76,3,1,100,NULL,NULL,'2018-09-24 12:42:16','2018-09-24 12:42:16',NULL),(298,76,4,1,100,NULL,NULL,'2018-09-24 12:42:23','2018-09-24 12:42:23',NULL),(299,77,1,1,100,NULL,NULL,'2018-09-24 12:45:45','2018-09-24 12:45:45',NULL),(300,77,2,1,100,NULL,NULL,'2018-09-24 12:45:51','2018-09-24 12:45:51',NULL),(301,77,3,1,100,NULL,NULL,'2018-09-24 12:45:58','2018-09-24 12:45:58',NULL),(302,77,4,1,100,NULL,NULL,'2018-09-24 12:46:06','2018-09-24 12:46:06',NULL),(303,78,1,1,100,NULL,NULL,'2018-09-25 12:22:30','2018-09-25 12:22:30',NULL),(304,78,2,1,100,NULL,NULL,'2018-09-25 12:22:36','2018-09-25 12:22:36',NULL),(305,78,3,1,100,NULL,NULL,'2018-09-25 12:22:41','2018-09-25 12:22:41',NULL),(306,78,4,1,100,NULL,NULL,'2018-09-25 12:22:48','2018-09-25 12:22:48',NULL),(307,80,1,1,100,NULL,NULL,'2018-09-25 12:26:23','2018-09-25 12:26:23',NULL),(308,80,2,1,100,NULL,NULL,'2018-09-25 12:26:31','2018-09-25 12:26:31',NULL),(309,80,3,1,100,NULL,NULL,'2018-09-25 12:26:38','2018-09-25 12:26:38',NULL),(310,80,4,1,100,NULL,NULL,'2018-09-25 12:26:45','2018-09-25 12:26:45',NULL),(311,81,1,1,100,NULL,NULL,'2018-09-25 12:30:27','2018-09-25 12:30:27',NULL),(312,81,2,1,100,NULL,NULL,'2018-09-25 12:30:34','2018-09-25 12:30:34',NULL),(313,81,3,1,100,NULL,NULL,'2018-09-25 12:30:41','2018-09-25 12:30:41',NULL),(314,81,4,1,100,NULL,NULL,'2018-09-25 12:30:49','2018-09-25 12:30:49',NULL),(315,82,1,1,100,NULL,NULL,'2018-09-25 12:38:41','2018-09-25 12:38:41',NULL),(316,82,2,1,100,NULL,NULL,'2018-09-25 12:38:49','2018-09-25 12:38:49',NULL),(317,82,3,1,100,NULL,NULL,'2018-09-25 12:39:01','2018-09-25 12:39:01',NULL),(318,82,4,1,100,NULL,NULL,'2018-09-25 12:39:09','2018-09-25 12:39:09',NULL),(319,83,1,1,100,NULL,NULL,'2018-09-25 12:45:38','2018-09-25 12:45:38',NULL),(320,83,2,1,100,NULL,NULL,'2018-09-25 12:45:46','2018-09-25 12:45:46',NULL),(321,83,3,1,100,NULL,NULL,'2018-09-25 12:45:53','2018-09-25 12:45:53',NULL),(322,83,4,1,100,NULL,NULL,'2018-09-25 12:46:00','2018-09-25 12:46:00',NULL),(323,84,1,8,100,NULL,NULL,'2018-09-25 13:02:34','2018-09-25 13:02:34',NULL),(324,84,2,8,100,NULL,NULL,'2018-09-25 13:02:45','2018-09-25 13:02:45',NULL),(325,84,3,8,100,NULL,NULL,'2018-09-25 13:02:53','2018-09-25 13:02:53',NULL),(326,84,4,8,100,NULL,NULL,'2018-09-25 13:03:01','2018-09-25 13:03:01',NULL),(327,85,1,1,100,NULL,NULL,'2018-09-25 13:12:58','2018-09-25 13:12:58',NULL),(328,85,2,1,100,NULL,NULL,'2018-09-25 13:13:07','2018-09-25 13:13:07',NULL),(329,85,3,1,100,NULL,NULL,'2018-09-25 13:13:17','2018-09-25 13:13:17',NULL),(330,85,4,1,100,NULL,NULL,'2018-09-25 13:13:34','2018-09-25 13:13:34',NULL),(331,86,1,1,100,NULL,NULL,'2018-09-25 13:19:38','2018-09-25 13:19:38',NULL),(332,86,2,1,100,NULL,NULL,'2018-09-25 13:20:15','2018-09-25 13:20:15',NULL),(333,86,3,1,100,NULL,NULL,'2018-09-25 13:20:22','2018-09-25 13:20:22',NULL),(334,86,4,1,100,NULL,NULL,'2018-09-25 13:20:31','2018-09-25 13:20:31',NULL),(335,87,1,1,100,NULL,NULL,'2018-09-25 13:27:56','2018-09-25 13:27:56',NULL),(336,87,2,1,100,NULL,NULL,'2018-09-25 13:28:05','2018-09-25 13:28:05',NULL),(337,87,3,1,100,NULL,NULL,'2018-09-25 13:28:34','2018-09-25 13:28:34',NULL),(338,87,4,1,100,NULL,NULL,'2018-09-25 13:28:43','2018-09-25 13:28:43',NULL),(339,88,1,1,100,NULL,NULL,'2018-09-25 13:32:21','2018-09-25 13:32:21',NULL),(340,88,2,1,100,NULL,NULL,'2018-09-25 13:32:28','2018-09-25 13:32:28',NULL),(341,88,3,1,100,NULL,NULL,'2018-09-25 13:32:36','2018-09-25 13:32:36',NULL),(342,88,4,1,100,NULL,NULL,'2018-09-25 13:33:11','2018-09-25 13:33:11',NULL),(343,89,1,1,100,NULL,NULL,'2018-09-25 13:38:04','2018-09-25 13:38:04',NULL),(344,89,2,1,100,NULL,NULL,'2018-09-25 13:38:16','2018-09-25 13:38:16',NULL),(345,89,3,1,100,NULL,NULL,'2018-09-25 13:38:29','2018-09-25 13:38:29',NULL),(346,89,4,1,100,NULL,NULL,'2018-09-25 13:38:43','2018-09-25 13:38:43',NULL),(347,90,1,1,100,NULL,NULL,'2018-09-25 13:43:02','2018-09-25 13:43:02',NULL),(348,90,2,1,100,NULL,NULL,'2018-09-25 13:43:10','2018-09-25 13:43:10',NULL),(349,90,3,1,100,NULL,NULL,'2018-09-25 13:43:23','2018-09-25 13:43:23',NULL),(350,90,4,1,100,NULL,NULL,'2018-09-25 13:43:31','2018-09-25 13:43:31',NULL),(351,91,1,1,100,NULL,NULL,'2018-09-25 13:47:15','2018-09-25 13:47:15',NULL),(352,91,2,1,100,NULL,NULL,'2018-09-25 13:47:42','2018-09-25 13:47:42',NULL),(353,91,3,1,100,NULL,NULL,'2018-09-25 13:47:59','2018-09-25 13:47:59',NULL),(354,91,4,1,100,NULL,NULL,'2018-09-25 13:48:14','2018-09-25 13:48:14',NULL),(355,92,1,1,100,NULL,NULL,'2018-09-25 13:51:31','2018-09-25 13:51:31',NULL),(356,92,2,1,100,NULL,NULL,'2018-09-25 13:51:38','2018-09-25 13:51:38',NULL),(357,92,3,1,100,NULL,NULL,'2018-09-25 13:51:44','2018-09-25 13:51:44',NULL),(358,92,4,1,100,NULL,NULL,'2018-09-25 13:51:52','2018-09-25 13:51:52',NULL),(359,93,1,1,100,NULL,NULL,'2018-09-25 14:01:45','2018-09-25 14:01:45',NULL),(360,93,2,1,100,NULL,NULL,'2018-09-25 14:01:52','2018-09-25 14:01:52',NULL),(361,93,3,1,100,NULL,NULL,'2018-09-25 14:02:25','2018-09-25 14:02:25',NULL),(362,93,4,1,100,NULL,NULL,'2018-09-25 14:02:32','2018-09-25 14:02:32',NULL),(363,94,1,1,100,NULL,NULL,'2018-09-25 14:07:19','2018-09-25 14:07:19',NULL),(364,94,2,1,100,NULL,NULL,'2018-09-25 14:07:28','2018-09-25 14:07:28',NULL),(365,94,3,1,100,NULL,NULL,'2018-09-25 14:07:34','2018-09-25 14:07:34',NULL),(366,94,4,1,100,NULL,NULL,'2018-09-25 14:07:49','2018-09-25 14:07:49',NULL),(367,95,1,1,100,NULL,NULL,'2018-09-25 14:11:16','2018-09-25 14:11:16',NULL),(368,95,2,1,100,NULL,NULL,'2018-09-25 14:11:23','2018-09-25 14:11:23',NULL),(369,95,3,1,100,NULL,NULL,'2018-09-25 14:11:29','2018-09-25 14:11:29',NULL),(370,95,4,1,100,NULL,NULL,'2018-09-25 14:11:36','2018-09-25 14:11:36',NULL),(371,96,1,1,100,NULL,NULL,'2018-09-25 14:16:07','2018-09-25 14:16:07',NULL),(372,96,2,1,100,NULL,NULL,'2018-09-25 14:16:14','2018-09-25 14:16:14',NULL),(373,96,3,1,100,NULL,NULL,'2018-09-25 14:16:21','2018-09-25 14:16:21',NULL),(374,96,4,1,100,NULL,NULL,'2018-09-25 14:16:28','2018-09-25 14:16:28',NULL),(375,97,4,1,100,NULL,NULL,'2018-10-06 14:00:17','2018-10-06 14:00:17',NULL);
/*!40000 ALTER TABLE `product_attributes` ENABLE KEYS */;
UNLOCK TABLES;

--
-- Table structure for table `product_tag`
--

DROP TABLE IF EXISTS `product_tag`;
/*!40101 SET @saved_cs_client     = @@character_set_client */;
/*!40101 SET character_set_client = utf8 */;
CREATE TABLE `product_tag` (
  `product_id` int(10) unsigned NOT NULL,
  `tag_id` int(10) unsigned NOT NULL,
  PRIMARY KEY (`product_id`,`tag_id`),
  KEY `product_tag_product_id_index` (`product_id`),
  KEY `product_tag_tag_id_index` (`tag_id`),
  CONSTRAINT `product_tag_product_id_foreign` FOREIGN KEY (`product_id`) REFERENCES `products` (`id`) ON DELETE CASCADE,
  CONSTRAINT `product_tag_tag_id_foreign` FOREIGN KEY (`tag_id`) REFERENCES `tags` (`id`) ON DELETE CASCADE
) ENGINE=InnoDB DEFAULT CHARSET=utf8mb4 COLLATE=utf8mb4_unicode_ci;
/*!40101 SET character_set_client = @saved_cs_client */;

--
-- Dumping data for table `product_tag`
--

LOCK TABLES `product_tag` WRITE;
/*!40000 ALTER TABLE `product_tag` DISABLE KEYS */;
INSERT INTO `product_tag` VALUES (3,2),(4,2),(5,2),(6,2),(6,3),(6,4),(6,5),(6,6),(6,7),(6,8),(6,9),(6,10),(6,11),(6,12),(6,13),(6,14),(6,15),(6,16),(6,17),(6,18),(7,2),(7,3),(7,4),(7,5),(7,6),(7,7),(7,8),(7,9),(7,10),(7,11),(7,12),(7,13),(7,14),(7,15),(7,16),(7,17),(7,18),(8,2),(8,3),(8,4),(8,5),(8,6),(8,7),(8,8),(8,9),(8,10),(8,11),(8,12),(8,13),(8,14),(8,15),(8,16),(8,17),(8,18),(9,2),(9,3),(9,4),(9,5),(9,6),(9,7),(9,8),(9,9),(9,10),(9,11),(9,12),(9,13),(9,14),(9,15),(9,16),(9,17),(9,18),(10,2),(10,3),(10,4),(10,5),(10,6),(10,7),(10,8),(10,9),(10,10),(10,11),(10,12),(10,13),(10,14),(10,15),(10,16),(10,17),(10,18),(11,2),(11,3),(11,4),(11,5),(11,6),(11,7),(11,8),(11,9),(11,10),(11,11),(11,12),(11,13),(11,14),(11,15),(11,16),(11,17),(11,18),(12,2),(12,3),(12,4),(12,5),(12,6),(12,7),(12,8),(12,9),(12,10),(12,11),(12,12),(12,13),(12,14),(12,15),(12,16),(12,17),(12,18),(13,2),(13,3),(13,4),(13,5),(13,6),(13,7),(13,8),(13,9),(13,10),(13,11),(13,12),(13,13),(13,14),(13,15),(13,16),(13,17),(13,18),(14,2),(14,3),(14,4),(14,5),(14,6),(14,7),(14,8),(14,9),(14,10),(14,11),(14,12),(14,13),(14,14),(14,15),(14,16),(14,17),(14,18),(15,2),(15,3),(15,4),(15,5),(15,6),(15,7),(15,8),(15,9),(15,10),(15,11),(15,12),(15,13),(15,14),(15,15),(15,16),(15,17),(15,18),(16,2),(16,3),(16,4),(16,5),(16,6),(16,7),(16,8),(16,9),(16,10),(16,11),(16,12),(16,13),(16,14),(16,15),(16,16),(16,17),(16,18),(17,2),(17,3),(17,4),(17,5),(17,6),(17,7),(17,8),(17,9),(17,10),(17,11),(17,12),(17,13),(17,14),(17,15),(17,16),(17,17),(17,18),(18,2),(18,3),(18,4),(18,5),(18,6),(18,7),(18,8),(18,9),(18,10),(18,11),(18,12),(18,13),(18,14),(18,15),(18,16),(18,17),(18,18),(19,2),(19,3),(19,4),(19,5),(19,6),(19,7),(19,8),(19,9),(19,10),(19,11),(19,12),(19,13),(19,14),(19,15),(19,16),(19,17),(19,18),(20,2),(20,3),(20,4),(20,5),(20,6),(20,7),(20,8),(20,9),(20,10),(20,11),(20,12),(20,13),(20,14),(20,15),(20,16),(20,17),(20,18),(21,2),(21,3),(21,4),(21,5),(21,6),(21,7),(21,8),(21,9),(21,10),(21,11),(21,12),(21,13),(21,14),(21,15),(21,16),(21,17),(21,18),(22,2),(22,3),(22,4),(22,5),(22,6),(22,7),(22,8),(22,9),(22,10),(22,11),(22,12),(22,13),(22,14),(22,15),(22,16),(22,17),(22,18),(23,2),(23,3),(23,4),(23,5),(23,6),(23,7),(23,8),(23,9),(23,10),(23,11),(23,12),(23,13),(23,14),(23,15),(23,16),(23,17),(23,18),(24,2),(24,3),(24,4),(24,5),(24,6),(24,7),(24,8),(24,9),(24,10),(24,11),(24,12),(24,13),(24,14),(24,15),(24,16),(24,17),(24,18),(25,2),(25,3),(25,4),(25,5),(25,6),(25,7),(25,8),(25,9),(25,10),(25,11),(25,12),(25,13),(25,14),(25,15),(25,16),(25,17),(25,18),(26,2),(26,3),(26,4),(26,5),(26,6),(26,7),(26,8),(26,9),(26,10),(26,11),(26,12),(26,13),(26,14),(26,15),(26,16),(26,17),(26,18),(27,2),(27,3),(27,4),(27,5),(27,6),(27,7),(27,8),(27,9),(27,10),(27,11),(27,12),(27,13),(27,14),(27,15),(27,16),(27,17),(27,18),(28,2),(28,3),(28,4),(28,5),(28,6),(28,7),(28,8),(28,9),(28,10),(28,11),(28,12),(28,13),(28,14),(28,15),(28,16),(28,17),(28,18),(29,2),(29,3),(29,4),(29,5),(29,6),(29,7),(29,8),(29,9),(29,10),(29,11),(29,12),(29,13),(29,14),(29,15),(29,16),(29,17),(29,18),(30,2),(30,3),(30,4),(30,5),(30,6),(30,7),(30,8),(30,9),(30,10),(30,11),(30,12),(30,13),(30,14),(30,15),(30,16),(30,17),(30,18),(31,2),(31,3),(31,4),(31,5),(31,6),(31,7),(31,8),(31,9),(31,10),(31,11),(31,12),(31,13),(31,14),(31,15),(31,16),(31,17),(31,18),(32,2),(32,3),(32,4),(32,5),(32,6),(32,7),(32,8),(32,9),(32,10),(32,11),(32,12),(32,13),(32,14),(32,15),(32,16),(32,17),(32,18),(33,2),(33,3),(33,4),(33,5),(33,6),(33,7),(33,8),(33,9),(33,10),(33,11),(33,12),(33,13),(33,14),(33,15),(33,16),(33,17),(33,18),(34,2),(34,3),(34,4),(34,5),(34,6),(34,7),(34,8),(34,9),(34,10),(34,11),(34,12),(34,13),(34,14),(34,15),(34,16),(34,17),(34,18),(35,2),(35,3),(35,4),(35,5),(35,6),(35,7),(35,8),(35,9),(35,10),(35,11),(35,12),(35,13),(35,14),(35,15),(35,16),(35,17),(35,18),(36,2),(36,3),(36,4),(36,5),(36,6),(36,7),(36,8),(36,9),(36,10),(36,11),(36,12),(36,13),(36,14),(36,15),(36,16),(36,17),(36,18),(37,2),(37,3),(37,4),(37,5),(37,6),(37,7),(37,8),(37,9),(37,10),(37,11),(37,12),(37,13),(37,14),(37,15),(37,16),(37,17),(37,18),(38,2),(38,3),(38,4),(38,5),(38,6),(38,7),(38,8),(38,9),(38,10),(38,11),(38,12),(38,13),(38,14),(38,15),(38,16),(38,17),(38,18),(39,2),(39,3),(39,4),(39,5),(39,6),(39,7),(39,8),(39,9),(39,10),(39,11),(39,12),(39,13),(39,14),(39,15),(39,16),(39,17),(39,18),(40,2),(40,3),(40,4),(40,5),(40,6),(40,7),(40,8),(40,9),(40,10),(40,11),(40,12),(40,13),(40,14),(40,15),(40,16),(40,17),(40,18),(41,2),(41,3),(41,4),(41,5),(41,6),(41,7),(41,8),(41,9),(41,10),(41,11),(41,12),(41,13),(41,14),(41,15),(41,16),(41,17),(41,18),(42,2),(42,3),(42,4),(42,5),(42,6),(42,7),(42,8),(42,9),(42,10),(42,11),(42,12),(42,13),(42,14),(42,15),(42,16),(42,17),(42,18),(43,2),(43,3),(43,4),(43,5),(43,6),(43,7),(43,8),(43,9),(43,10),(43,11),(43,12),(43,13),(43,14),(43,15),(43,16),(43,17),(43,18),(44,2),(44,3),(44,4),(44,5),(44,6),(44,7),(44,8),(44,9),(44,10),(44,11),(44,12),(44,13),(44,14),(44,15),(44,16),(44,17),(44,18),(45,2),(45,3),(45,4),(45,5),(45,6),(45,7),(45,8),(45,9),(45,10),(45,11),(45,12),(45,13),(45,14),(45,15),(45,16),(45,17),(45,18),(46,2),(46,3),(46,4),(46,5),(46,6),(46,7),(46,8),(46,9),(46,10),(46,11),(46,12),(46,13),(46,14),(46,15),(46,16),(46,17),(46,18),(47,2),(47,3),(47,4),(47,5),(47,6),(47,7),(47,8),(47,9),(47,10),(47,11),(47,12),(47,13),(47,14),(47,15),(47,16),(47,17),(47,18),(48,2),(48,3),(48,4),(48,5),(48,6),(48,7),(48,8),(48,9),(48,10),(48,11),(48,12),(48,13),(48,14),(48,15),(48,16),(48,17),(48,18),(49,2),(49,3),(49,4),(49,5),(49,6),(49,7),(49,8),(49,9),(49,10),(49,11),(49,12),(49,13),(49,14),(49,15),(49,16),(49,17),(49,18),(50,2),(50,3),(50,4),(50,5),(50,6),(50,7),(50,8),(50,9),(50,10),(50,11),(50,12),(50,13),(50,14),(50,15),(50,16),(50,17),(50,18),(51,2),(51,3),(51,4),(51,5),(51,6),(51,7),(51,8),(51,9),(51,10),(51,11),(51,12),(51,13),(51,14),(51,15),(51,16),(51,17),(51,18),(52,2),(52,3),(52,4),(52,5),(52,6),(52,7),(52,8),(52,9),(52,10),(52,11),(52,12),(52,13),(52,14),(52,15),(52,16),(52,17),(52,18),(53,2),(53,3),(53,4),(53,5),(53,6),(53,7),(53,8),(53,9),(53,10),(53,11),(53,12),(53,13),(53,14),(53,15),(53,16),(53,17),(53,18),(54,2),(54,3),(54,4),(54,5),(54,6),(54,7),(54,8),(54,9),(54,10),(54,11),(54,12),(54,13),(54,14),(54,15),(54,16),(54,17),(54,18),(55,2),(55,3),(55,4),(55,5),(55,6),(55,7),(55,8),(55,9),(55,10),(55,11),(55,12),(55,13),(55,14),(55,15),(55,16),(55,17),(55,18),(56,2),(56,3),(56,4),(56,5),(56,6),(56,7),(56,8),(56,9),(56,10),(56,11),(56,12),(56,13),(56,14),(56,15),(56,16),(56,17),(56,18),(57,2),(57,3),(57,4),(57,5),(57,6),(57,7),(57,8),(57,9),(57,10),(57,11),(57,12),(57,13),(57,14),(57,15),(57,16),(57,17),(57,18),(58,2),(58,3),(58,4),(58,5),(58,6),(58,7),(58,8),(58,9),(58,10),(58,11),(58,12),(58,13),(58,14),(58,15),(58,16),(58,17),(58,18),(59,2),(59,3),(59,4),(59,5),(59,6),(59,7),(59,8),(59,9),(59,10),(59,11),(59,12),(59,13),(59,14),(59,15),(59,16),(59,17),(59,18),(60,2),(60,3),(60,4),(60,5),(60,6),(60,7),(60,8),(60,9),(60,10),(60,11),(60,12),(60,13),(60,14),(60,15),(60,16),(60,17),(60,18),(61,2),(61,3),(61,4),(61,5),(61,6),(61,7),(61,8),(61,9),(61,10),(61,11),(61,12),(61,13),(61,14),(61,15),(61,16),(61,17),(61,18),(62,2),(62,3),(62,4),(62,5),(62,6),(62,7),(62,8),(62,9),(62,10),(62,11),(62,12),(62,13),(62,14),(62,15),(62,16),(62,17),(62,18),(63,2),(63,3),(63,4),(63,5),(63,6),(63,7),(63,8),(63,9),(63,10),(63,11),(63,12),(63,13),(63,14),(63,15),(63,16),(63,17),(63,18),(64,2),(64,3),(64,4),(64,5),(64,6),(64,7),(64,8),(64,9),(64,10),(64,11),(64,12),(64,13),(64,14),(64,15),(64,16),(64,17),(64,18),(65,2),(65,3),(65,4),(65,5),(65,6),(65,7),(65,8),(65,9),(65,10),(65,11),(65,12),(65,13),(65,14),(65,15),(65,16),(65,17),(65,18),(66,2),(66,3),(66,4),(66,5),(66,6),(66,7),(66,8),(66,9),(66,10),(66,11),(66,12),(66,13),(66,14),(66,15),(66,16),(66,17),(66,18),(67,2),(67,3),(67,4),(67,5),(67,6),(67,7),(67,8),(67,9),(67,10),(67,11),(67,12),(67,13),(67,14),(67,15),(67,16),(67,17),(67,18),(68,2),(68,3),(68,4),(68,5),(68,6),(68,7),(68,8),(68,9),(68,10),(68,11),(68,12),(68,13),(68,14),(68,15),(68,16),(68,17),(68,18),(69,2),(69,3),(69,4),(69,5),(69,6),(69,7),(69,8),(69,9),(69,10),(69,11),(69,12),(69,13),(69,14),(69,15),(69,16),(69,17),(69,18),(70,2),(70,3),(70,4),(70,5),(70,6),(70,7),(70,8),(70,9),(70,10),(70,11),(70,12),(70,13),(70,14),(70,15),(70,16),(70,17),(70,18),(71,2),(71,3),(71,4),(71,5),(71,6),(71,7),(71,8),(71,9),(71,10),(71,11),(71,12),(71,13),(71,14),(71,15),(71,16),(71,17),(71,18),(72,2),(72,3),(72,4),(72,5),(72,6),(72,7),(72,8),(72,9),(72,10),(72,11),(72,12),(72,13),(72,14),(72,15),(72,16),(72,17),(72,18),(73,2),(73,3),(73,4),(73,5),(73,6),(73,7),(73,8),(73,9),(73,10),(73,11),(73,12),(73,13),(73,14),(73,15),(73,16),(73,17),(73,18),(74,2),(74,3),(74,4),(74,5),(74,6),(74,7),(74,8),(74,9),(74,10),(74,11),(74,12),(74,13),(74,14),(74,15),(74,16),(74,17),(74,18),(75,2),(75,3),(75,4),(75,5),(75,6),(75,7),(75,8),(75,9),(75,10),(75,11),(75,12),(75,13),(75,14),(75,15),(75,16),(75,17),(75,18),(76,2),(76,3),(76,4),(76,5),(76,6),(76,7),(76,8),(76,9),(76,10),(76,11),(76,12),(76,13),(76,14),(76,15),(76,16),(76,17),(76,18),(77,2),(77,3),(77,4),(77,5),(77,6),(77,7),(77,8),(77,9),(77,10),(77,11),(77,12),(77,13),(77,14),(77,15),(77,16),(77,17),(77,18),(78,2),(78,3),(78,4),(78,5),(78,6),(78,7),(78,8),(78,9),(78,10),(78,11),(78,12),(78,13),(78,14),(78,15),(78,16),(78,17),(78,18),(79,2),(79,3),(79,4),(79,5),(79,6),(79,7),(79,8),(79,9),(79,10),(79,11),(79,12),(79,13),(79,14),(79,15),(79,16),(79,17),(79,18),(80,2),(80,3),(80,4),(80,5),(80,6),(80,7),(80,8),(80,9),(80,10),(80,11),(80,12),(80,13),(80,14),(80,15),(80,16),(80,17),(80,18),(81,2),(81,3),(81,4),(81,5),(81,6),(81,7),(81,8),(81,9),(81,10),(81,11),(81,12),(81,13),(81,14),(81,15),(81,16),(81,17),(81,18),(82,2),(82,3),(82,4),(82,5),(82,6),(82,7),(82,8),(82,9),(82,10),(82,11),(82,12),(82,13),(82,14),(82,15),(82,16),(82,17),(82,18),(83,2),(83,3),(83,4),(83,5),(83,6),(83,7),(83,8),(83,9),(83,10),(83,11),(83,12),(83,13),(83,14),(83,15),(83,16),(83,17),(83,18),(84,2),(84,3),(84,4),(84,5),(84,6),(84,7),(84,8),(84,9),(84,10),(84,11),(84,12),(84,13),(84,14),(84,15),(84,16),(84,17),(84,18),(85,2),(85,3),(85,4),(85,5),(85,6),(85,7),(85,8),(85,9),(85,10),(85,11),(85,12),(85,13),(85,14),(85,15),(85,16),(85,17),(85,18),(86,2),(86,3),(86,4),(86,5),(86,6),(86,7),(86,8),(86,9),(86,10),(86,11),(86,12),(86,13),(86,14),(86,15),(86,16),(86,17),(86,18),(87,2),(87,3),(87,4),(87,5),(87,6),(87,7),(87,8),(87,9),(87,10),(87,11),(87,12),(87,13),(87,14),(87,15),(87,16),(87,17),(87,18),(88,2),(88,3),(88,4),(88,5),(88,6),(88,7),(88,8),(88,9),(88,10),(88,11),(88,12),(88,13),(88,14),(88,15),(88,16),(88,17),(88,18),(89,2),(89,3),(89,4),(89,5),(89,6),(89,7),(89,8),(89,9),(89,10),(89,11),(89,12),(89,13),(89,14),(89,15),(89,16),(89,17),(89,18),(90,2),(90,3),(90,4),(90,5),(90,6),(90,7),(90,8),(90,9),(90,10),(90,11),(90,12),(90,13),(90,14),(90,15),(90,16),(90,17),(90,18),(91,2),(91,3),(91,4),(91,5),(91,6),(91,7),(91,8),(91,9),(91,10),(91,11),(91,12),(91,13),(91,14),(91,15),(91,16),(91,17),(91,18),(92,2),(92,3),(92,4),(92,5),(92,6),(92,7),(92,8),(92,9),(92,10),(92,11),(92,12),(92,13),(92,14),(92,15),(92,16),(92,17),(92,18),(93,2),(93,3),(93,4),(93,5),(93,6),(93,7),(93,8),(93,9),(93,10),(93,11),(93,12),(93,13),(93,14),(93,15),(93,16),(93,17),(93,18),(94,2),(94,3),(94,4),(94,5),(94,6),(94,7),(94,8),(94,9),(94,10),(94,11),(94,12),(94,13),(94,14),(94,15),(94,16),(94,17),(94,18),(95,2),(95,3),(95,4),(95,5),(95,6),(95,7),(95,8),(95,9),(95,10),(95,11),(95,12),(95,13),(95,14),(95,15),(95,16),(95,17),(95,18),(96,2),(96,3),(96,4),(96,5),(96,6),(96,7),(96,8),(96,9),(96,10),(96,11),(96,12),(96,13),(96,14),(96,15),(96,16),(96,17),(96,18),(97,2);
/*!40000 ALTER TABLE `product_tag` ENABLE KEYS */;
UNLOCK TABLES;

--
-- Table structure for table `products`
--

DROP TABLE IF EXISTS `products`;
/*!40101 SET @saved_cs_client     = @@character_set_client */;
/*!40101 SET character_set_client = utf8 */;
CREATE TABLE `products` (
  `id` int(10) unsigned NOT NULL AUTO_INCREMENT,
  `sku` varchar(255) COLLATE utf8mb4_unicode_ci DEFAULT NULL,
  `name_ar` varchar(255) COLLATE utf8mb4_unicode_ci NOT NULL,
  `name_en` varchar(255) COLLATE utf8mb4_unicode_ci NOT NULL,
  `home_delivery_availability` tinyint(1) NOT NULL DEFAULT '0',
  `shipment_availability` tinyint(1) NOT NULL DEFAULT '0',
  `on_sale` tinyint(1) NOT NULL DEFAULT '0',
  `on_sale_on_homepage` tinyint(1) NOT NULL DEFAULT '0',
  `on_homepage` tinyint(1) NOT NULL DEFAULT '0',
  `price` decimal(6,2) unsigned NOT NULL,
  `weight` decimal(4,2) unsigned NOT NULL,
  `sale_price` decimal(6,2) unsigned DEFAULT NULL,
  `size_chart_image` varchar(255) COLLATE utf8mb4_unicode_ci DEFAULT NULL,
  `description_en` text COLLATE utf8mb4_unicode_ci,
  `description_ar` text COLLATE utf8mb4_unicode_ci,
  `notes_ar` text COLLATE utf8mb4_unicode_ci,
  `notes_en` text COLLATE utf8mb4_unicode_ci,
  `image` varchar(255) COLLATE utf8mb4_unicode_ci DEFAULT NULL,
  `start_sale` timestamp NULL DEFAULT NULL,
  `end_sale` timestamp NULL DEFAULT NULL,
  `active` tinyint(1) NOT NULL DEFAULT '1',
  `check_stock` tinyint(1) NOT NULL DEFAULT '1',
  `created_at` timestamp NULL DEFAULT NULL,
  `updated_at` timestamp NULL DEFAULT NULL,
  `deleted_at` timestamp NULL DEFAULT NULL,
  PRIMARY KEY (`id`)
) ENGINE=InnoDB AUTO_INCREMENT=98 DEFAULT CHARSET=utf8mb4 COLLATE=utf8mb4_unicode_ci;
/*!40101 SET character_set_client = @saved_cs_client */;

--
-- Dumping data for table `products`
--

LOCK TABLES `products` WRITE;
/*!40000 ALTER TABLE `products` DISABLE KEYS */;
INSERT INTO `products` VALUES (1,'57103','Providenci Friesen','Onie Batz V',0,0,0,1,0,184.82,0.00,181.82,'3.jpg','Qui natus et ut non. Voluptatem minima quia quia a. Accusantium in et iste et.','Qui laboriosam rerum iste. Deleniti quo commodi magnam quia occaecati facere delectus. Voluptates velit quaerat ab maxime.','Aut et non et est aut consequatur. Expedita reiciendis doloremque eveniet et deserunt ut sed maxime. Distinctio temporibus aut rerum et accusamus velit aut facere.','In reiciendis ut hic repellat dolorem assumenda quia. Enim similique reprehenderit rem nulla quaerat quaerat delectus. Aut quia ut neque ut.','4.jpg','1979-04-26 09:12:29','2018-10-03 20:38:03',0,1,'2018-08-20 01:34:29','2018-09-02 08:39:47',NULL),(2,'83455-7335','Elda Klocko','Laron Wisoky',0,1,1,1,1,126.31,7.00,121.31,'2.jpg',NULL,NULL,NULL,NULL,'8.jpg','2018-08-30 00:00:00','2018-08-31 00:00:00',0,0,'2018-08-20 01:34:29','2018-09-02 08:39:02','2018-09-02 08:39:02'),(3,'0123','عبايات','mmmmmm',0,0,0,0,0,50.00,1.00,NULL,'frckP7yGNVEMrlGDfQm7PPTR1sDdcJlyimJPgaRw.jpeg',NULL,NULL,NULL,NULL,'xOGztCFN2RxPLiZnvZvpX7ejVnOouRRVRiKbun8B.jpeg','2019-01-01 00:00:00','2020-01-01 00:00:00',1,1,'2018-08-27 14:36:18','2018-09-02 08:38:52','2018-09-02 08:38:52'),(4,'01234','كككك','kkkkkkk',0,0,0,0,1,100.00,2.00,NULL,'jQeLvoYB2SrMkhcxOfBvvLwjRBT5UP1R1TeBDpJs.png',NULL,NULL,NULL,NULL,'LoGEW9OsmtRJMy2EdBRekUD9mRGDTpjPfICRxep0.jpeg','2018-08-28 00:00:00','2018-08-29 00:00:00',1,1,'2018-08-27 14:53:50','2018-09-02 08:38:40','2018-09-02 08:38:40'),(5,'012345','ررررر','rrrrrrrr',0,0,0,0,1,70.00,3.00,NULL,NULL,NULL,NULL,NULL,NULL,'NJp6F6uqS5vebmtYroT7jnAlotBzqDlB0SorTl4o.jpeg',NULL,NULL,1,1,'2018-08-27 15:08:16','2018-09-02 08:38:30','2018-09-02 08:38:30'),(6,'81','عباية','abaya',0,0,0,0,1,65.00,1.00,NULL,NULL,'amazing abaya you cane dressed it in different time','عباية مميزه صممت لكى تناسب كل الاوقات',NULL,NULL,'iwP0gm37nVgT8otJJxtMYGgAbwXRVB3kcz5d7ipV.jpeg','2018-11-01 00:00:00','2018-12-01 00:00:00',1,1,'2018-09-02 09:11:18','2018-09-08 12:54:41',NULL),(7,'44','عباية','abaya',0,0,0,0,1,50.00,1.00,NULL,NULL,NULL,NULL,NULL,NULL,'yQ6PP7NoMdwg3TYydANeTil0Jwu0hM0gaeZ2NQly.jpeg','2018-10-01 00:00:00',NULL,1,1,'2018-09-02 09:20:39','2018-09-10 07:43:16',NULL),(8,'1269','عباية','abaya',0,0,0,0,1,65.00,1.00,NULL,NULL,'abaya for Occasions you can change the color  of lo lo to white , black or gold','عباية تصلح للمناسبات بها لولو يمكنك تغير لون اللولو لابيض او اسود او جولد حسب الرغبة',NULL,NULL,'UWGRA7AN4EkqGN3QC2aOl1KHglUYj5V9XnhxfLSo.jpeg',NULL,NULL,1,1,'2018-09-10 11:31:31','2018-09-10 11:31:31',NULL),(9,'117','عباية','abaya',0,0,0,0,1,75.00,1.00,NULL,NULL,'Abaya occasions Abaya Events by Jaker Turkish distinctive','عباية مناسبات بها خام جاكر تركى مميز ةفريد',NULL,NULL,'kD8nfAgi5IgxW2JA8cxIOrhjpXUul6yo1w0eVzi3.jpeg',NULL,NULL,1,1,'2018-09-10 12:06:23','2018-09-10 12:06:24',NULL),(10,'84','عباية','abaya',0,0,0,0,1,65.00,1.00,NULL,NULL,NULL,NULL,NULL,NULL,'wISz159msSLxjioZH4jOpNFUaucLiVKFA2nXOGus.jpeg',NULL,NULL,1,1,'2018-09-10 12:11:17','2018-09-10 12:13:58','2018-09-10 12:13:58'),(11,'84','عباية','abaya',0,0,0,0,1,65.00,1.00,NULL,NULL,'Abaya is a distinctive modern Jaker gives it a stylish and distinctive character','عباية مميزه عصريه بها جاكر يعطيها طابع انيق ومميز',NULL,NULL,'73FvcFFfPrCKslxQDYBsuPJ2OtG2oMepejeQzrgl.jpeg',NULL,NULL,1,1,'2018-09-10 12:15:12','2018-09-10 12:15:12',NULL),(12,'15','عباية','abaya',0,0,0,0,1,50.00,1.00,NULL,NULL,'Abaya distinctive by a simple work given beauty','عباية مميزه بها شغل بسيط يعطى جمال',NULL,NULL,'bPc0L9Ma3ExX3Y5m3wJc2Q7r4jLVyH9JE197mIGQ.jpeg',NULL,NULL,1,1,'2018-09-10 12:22:29','2018-09-10 12:22:29',NULL),(13,'85','عباية','abaya',0,0,0,0,1,60.00,1.00,NULL,NULL,'Modern Abaya with some work in the highest abaya','عباية عصرية مميزن بها بعض الشغل فى اعلى العباية',NULL,NULL,'zYST6VD0ywVq0TA7XzRa2ZsigaP0Y5rrCeDvYxOb.jpeg',NULL,NULL,1,1,'2018-09-10 12:28:59','2018-09-10 12:28:59',NULL),(14,'101','عباية','abaya',0,0,0,0,1,70.00,1.00,NULL,NULL,'Abaya special occasions give you a sense of luxury when wearing','عباية مميزه للمناسبات تعطيكى احساس بالفخامه عند ارتدائها',NULL,NULL,'n9wCU1ElG8aj2iJHDcijofwQv9e6jma8N2dPttrT.jpeg',NULL,NULL,1,1,'2018-09-10 12:33:17','2018-09-10 12:33:17',NULL),(15,'1640','عباية','abaya',0,0,0,0,1,60.00,1.00,NULL,NULL,'A distinctive abaya introduces with blue with some simple work makes it a modern Abaya','عباية مميزة يدخل معاها اللون الازرق مع بعض الشغل البسيط يجعلها عبايه عصرية من الطابع الاول',NULL,NULL,'PxKyrQcgx7XgU8GJkLuA1jPGP4JbGBErUFZVq8FN.jpeg',NULL,NULL,1,1,'2018-09-10 12:39:40','2018-09-10 12:39:41',NULL),(16,'79','عباية','abaya',0,0,0,0,1,55.00,1.00,NULL,NULL,'Abaya distinctive by Jaker distinctive and beautiful','عباية مميزة بها جاكر مميز وجميل',NULL,NULL,'q2GtVZcGbO4zgsDpufhu19yuNd2MpO3TdhZF2bbo.jpeg',NULL,NULL,1,1,'2018-09-10 12:46:27','2018-09-10 12:46:27',NULL),(17,'60','عباية','abaya',0,0,0,0,1,60.00,1.00,NULL,NULL,'skirt model with simple work make it Beauty','تنوره موديل مع بعض الشغل البسيط يعطيها الجمال',NULL,NULL,'AJm26JHzTCZOcefW0rgCU5BCEQWGtzoQhHeMSyAK.jpeg',NULL,NULL,1,1,'2018-09-10 12:53:39','2018-09-10 13:03:22','2018-09-10 13:03:22'),(18,'60','عباية','abaya',0,0,0,0,1,60.00,1.00,NULL,NULL,'skirt model with simple works make it beauty','تنوره موديل مع بعض الشغل اللميز يعطيها الجمال',NULL,NULL,'VqzJrDk3YQ4W8ueWuLl9QEDTiC8Y8GUUeIIVmsgO.jpeg',NULL,NULL,1,1,'2018-09-10 13:06:11','2018-09-10 13:06:11',NULL),(19,'75','عباية','abaya',0,0,0,0,1,50.00,1.00,NULL,NULL,'amazing Abaya that you can wear at any time','عبايه مميزه يمكنك ارتدائها اى وقت',NULL,NULL,'k51lnShgccr0PkXAPflE7NZ4sdUugpx1KF3BBiCS.jpeg',NULL,NULL,1,1,'2018-09-10 14:31:26','2018-09-10 14:31:27',NULL),(20,'95','عباية','abaya',0,0,0,0,1,65.00,1.00,NULL,NULL,'Abaya distinctive with the distinctive Jaker gives you beauty','عبايه مميزه مع الجاكر المميز يعطيك الجمال',NULL,NULL,'bAiqYHrRJxm8i5796M79c0zKzrQGMTVvD3p9zHau.jpeg',NULL,NULL,1,1,'2018-09-10 14:41:00','2018-09-10 14:41:01',NULL),(21,'102','عباية','abaya',0,0,0,0,1,80.00,1.00,NULL,NULL,NULL,NULL,NULL,NULL,'uaQSUIsxPexoX8yXeBaM24NrheI7ERZ0Wl9vdmL9.jpeg',NULL,NULL,1,1,'2018-09-10 14:46:18','2018-09-10 14:56:55',NULL),(22,'47','عباية','abaya',0,0,0,0,1,60.00,1.00,NULL,NULL,NULL,NULL,NULL,NULL,'YWHP16ZB7b8HjRZqq7LnOnadpietOw93kEvn4B6V.jpeg',NULL,NULL,1,1,'2018-09-10 14:50:48','2018-09-10 14:56:38',NULL),(23,'51','عباية','abaya',0,0,0,0,1,60.00,1.00,NULL,NULL,'Abaya special suitable for occasion','عباية مميزه تليق بالمناسبات الهادية ذات ذوق رفيع',NULL,NULL,'nM18NKoa7kt5ZP6lm8nMihy3uBdogVm5A8t3x2CQ.jpeg',NULL,NULL,1,1,'2018-09-10 15:04:17','2018-09-10 15:04:17',NULL),(24,'58','عباية','abaya',0,0,0,0,1,60.00,1.00,NULL,NULL,'wonderful Abaya for events','عباية رائعه للمناسبات',NULL,NULL,'J0YW0c09T4XSAIu78wOZ3iZPlI5m9F0BMuNfEDEM.jpeg',NULL,NULL,1,1,'2018-09-10 15:09:01','2018-09-10 15:09:02',NULL),(25,'114','عباية','abaya',0,0,0,0,1,60.00,1.00,NULL,NULL,'Beautiful Abaya added to it Turkish jaker','عباية جميلة مضاف اليها الجاكر التركى الراقى',NULL,NULL,'nAhwEQLKKs36JEVBHNW6qLzeviZu1mI8qEX0cfEr.jpeg',NULL,NULL,1,1,'2018-09-11 11:58:09','2018-09-11 11:58:10',NULL),(26,'1667','عباية','abaya',0,0,0,0,1,50.00,1.00,NULL,NULL,'Elegant Abaya suitable for occasions by jaker gives it distinctive and elegant','عباية انيقة تصلح للمناسبات بها جاكر يعطيها تميزا واناقة',NULL,NULL,'FcPqob6AVAnraIsFqCn4SqOKvEtdIHseeJA0b6D0.jpeg',NULL,NULL,1,1,'2018-09-11 12:04:00','2018-09-11 12:04:01',NULL),(27,'115','عباية','abaya',0,0,0,0,1,60.00,1.00,NULL,NULL,'Abaya is a fantastic and fully designed by Turkish jaker','عباية رائعة مصممة بالكامل من الجاكر التركى المميز',NULL,NULL,'xhLilL22J8Q4ncrHnT2Ji8wtw4MwFxIE6KgRLxac.jpeg',NULL,NULL,1,1,'2018-09-11 12:09:11','2018-09-11 12:09:12',NULL),(28,'89','عباية','abaya',0,0,0,0,1,110.00,1.00,NULL,NULL,'Abaya designed for occasions and Concerts, designed of  shiffon with some beautiful embossed shoravsky crystals','عباية مصممة للمناسبات والحقلات مصممة من خام الشيفون مع بعض التطريز الجميل مضاف الية كريستال الشورافسكى المميز',NULL,NULL,'OjTnvWoWoC9q60Ckvu9GNygaBDemGrYpktF4UIRS.jpeg',NULL,NULL,1,1,'2018-09-11 12:19:54','2018-09-11 12:19:54',NULL),(29,'118','عباية','abaya',0,0,0,0,1,70.00,1.00,NULL,NULL,'Beautifully abaya designed Greatly','عباية عصرية جميلة مصممة بطريقة رائعة',NULL,NULL,'vbtpRU4b8JogBPQJtmSoy7NIcpJ8LH0m6aXVjmG8.jpeg',NULL,NULL,1,1,'2018-09-11 12:26:21','2018-09-11 12:26:22',NULL),(30,'110','عباية','abaya',0,0,0,0,1,55.00,1.00,NULL,NULL,'Beautiful abaya designed with elegance','عباية جميلة مصممة باناقه',NULL,NULL,'7ayJM6ysFDoZzV4JmjOztOmcMo99x9eYBY2S4HP4.jpeg',NULL,NULL,1,1,'2018-09-11 12:30:55','2018-09-11 12:30:56',NULL),(31,'105','عباية','abaya',0,0,0,0,1,60.00,1.00,NULL,NULL,'Abaya is very beautiful with some beautiful embroider gives her more elegance','عباية رائعة جدا مع بعض التطريز الجميل يعطيها اناقة اكتر',NULL,NULL,'znRq1TAjycuER2u8NyS5JxIjImJlM12FStidfkh6.jpeg',NULL,NULL,1,1,'2018-09-11 12:46:02','2018-09-11 12:46:02',NULL),(32,'66','عباية','abaya',0,0,0,0,1,60.00,1.00,NULL,NULL,'Abaya is very stylish and very beautiful and give you more elegance','عباية انيقة جدا وذات طابع جميل جدا تزيد من اناقتك',NULL,NULL,'VvA9yJ2RYTlY62EUGZhwuqBgqFNjbzWZjNo6h83W.jpeg',NULL,NULL,1,1,'2018-09-11 13:01:50','2018-09-11 13:01:50',NULL),(33,'96','عباية','abaya',0,0,0,0,1,80.00,1.00,NULL,NULL,'Beautiful abaya with crystal with some wonderful Swarovski stones','عباية جميلة بها كريستال مع بعض الاحجار الرائعة',NULL,NULL,'n2ZjqW9dfBk1EB4AjvrLrI05yKH1NgE5yh2kYBxP.jpeg',NULL,NULL,1,1,'2018-09-11 13:54:41','2018-09-11 13:54:42',NULL),(34,'76','عباية','abaya',0,0,0,0,1,60.00,1.00,NULL,NULL,'Beautiful modern abaya suitable for everyday use','عباية عصرية جميلة مناسبة للاستعمال اليومى',NULL,NULL,'RUQP9T0g8sIVeJmOEuWrQlhEh9ykES7yc2jv5oLE.jpeg',NULL,NULL,1,1,'2018-09-11 14:02:34','2018-09-11 14:02:34',NULL),(35,'111','عباية','abaya',0,0,0,0,1,65.00,1.00,NULL,NULL,'wonderful Abaya  good  for events','عباية رائعه جيده للمناسبات',NULL,NULL,'Eq5qyYP8ubwg4cRRGDpBPXIqAqu3sN4z75UA2QBc.jpeg',NULL,NULL,1,1,'2018-09-11 14:08:09','2018-09-11 14:08:09',NULL),(36,'78','عباية','abaya',0,0,0,0,1,65.00,1.00,NULL,NULL,'A beautiful abaya with a distinctive crystal that makes it at the top of elegance','عباية جميلة بها شغل كريستال مميز يجعلها فى قمة الاناقة',NULL,NULL,'NLQ6DjczoIVN9AmP6fOeAfYo6jJWv6TqzhzjL8AP.jpeg',NULL,NULL,1,1,'2018-09-12 12:31:28','2018-09-12 12:31:29',NULL),(37,'30','عباية','abaya',0,0,0,0,1,60.00,1.00,NULL,NULL,'A stylish abaya with some handwork gives her more beauty','عبايه انيقة بها بعض الشغل اليدوى يعطيها مزيد من الجمال',NULL,NULL,'8SjhQ5sgri69rFtuoGVCEc2glB4sZKeFPTgbP9t1.jpeg',NULL,NULL,1,1,'2018-09-12 12:42:42','2018-09-12 12:42:43',NULL),(38,'1728','عباية','abaya',0,0,0,0,1,60.00,1.00,NULL,NULL,'Beautiful Abaya with a distinctive handwork','عباية جميلة بها شغل يدوى مميز',NULL,NULL,'jtS8ih6dAeuKEzLEDWrYR7qHkBIKBcWaxINtcfmX.jpeg',NULL,NULL,1,1,'2018-09-12 12:53:31','2018-09-12 12:53:31',NULL),(39,'1666','عباية','abaya',0,0,0,0,1,55.00,1.00,NULL,NULL,'A distinctive abaya with some special work on it gives her more elegance','عباية مميزة مع بعض الشغل الخاص عليها يعطيها مزيد من الاناقة',NULL,NULL,'nX3RktLZxd6ZkIacFLcBa2V1QfSNjRme1QpfHFtg.jpeg',NULL,NULL,1,1,'2018-09-12 12:58:38','2018-09-12 12:58:39',NULL),(40,'1634','عباية','abaya',0,0,0,0,1,60.00,1.00,NULL,NULL,'Beautiful Abaya with some handwork on them','عباية جميله مع بعض الشغل اليدوى عليها',NULL,NULL,'OczGLvasYLw5JXcEvbdL3MmvftGSRC5bX7oCmqlt.jpeg',NULL,NULL,1,1,'2018-09-12 13:03:48','2018-09-12 13:03:48',NULL),(41,'67','عباية','abaya',0,0,0,0,1,60.00,1.00,NULL,NULL,'Beautiful abaya with some beautiful handwork','عباية جميلة مع بعض الشغل اليدوى الجميل',NULL,NULL,'hsxQ1mLmeWpQryZivccC3PkmSNaxp6hwnpmnByZc.jpeg',NULL,NULL,1,1,'2018-09-12 13:10:29','2018-09-12 13:10:29',NULL),(42,'112','عباية','abaya',0,0,0,0,1,65.00,1.00,NULL,NULL,'skirt abaya with some beautiful handwork','عباية تنورة مع بعض الشغل اليدوى الجميل',NULL,NULL,'pTa1GHk5oOcuwV08CvlagN4WOtpqMxFbpvuVam7G.jpeg',NULL,NULL,1,1,'2018-09-12 13:22:44','2018-09-12 13:22:44',NULL),(43,'1304','عباية','abaya',0,0,0,0,1,80.00,1.00,NULL,NULL,'Abaya suitable for occasions with handwork and crystal Swarovski','عباية تصلح للمناسبات مع الشغل اليدوى والكريستال الشوارفسكى',NULL,NULL,'d5ekBJIUJbU4S1lPU5oZUNfJoUnJwNt0T3udaQtK.jpeg',NULL,NULL,1,1,'2018-09-12 13:38:50','2018-09-12 13:38:50',NULL),(44,'10','عباية','abaya',0,0,0,0,1,80.00,1.00,NULL,NULL,'Abayah distinctive occasions with hand work distinctive','عباية مميزة للمناسبات مزينه بالشغل اليدوى المميز',NULL,NULL,'8QQTuF5q2jPdXoOh5G7vMzHkVAQlz8ibHCPBNucJ.jpeg',NULL,NULL,1,1,'2018-09-12 13:44:28','2018-09-12 13:44:28',NULL),(45,'182-ss','عباية','abaya',0,0,0,0,1,65.00,1.00,NULL,NULL,'Abaya distinctive suitable for daily use','عباية مميزه تصلح للاستخدام اليومى',NULL,NULL,'qiGJa8gt8hhUgHxpf5doSm7awsZe6HESe7aCuvoL.jpeg',NULL,NULL,1,1,'2018-09-12 13:51:12','2018-09-12 13:51:12',NULL),(46,'1363','عباية','abaya',0,0,0,0,1,80.00,1.00,NULL,NULL,'poket Abaya with some distinctive handwork','بوكت عباية مع بعض الشغل اليدوى المميز',NULL,NULL,'XDvdhqcdQ4m8vzlq9eaDYDMIflPLvwpSOqpuDhqo.jpeg',NULL,NULL,1,1,'2018-09-12 14:03:50','2018-09-12 14:05:48','2018-09-12 14:05:48'),(47,'1363','عباية','abaya',0,0,0,0,1,80.00,1.00,NULL,NULL,'Abaya pocket with some distinctive handwork','جيب عباية مع بعض الشغل اليدوى المميز',NULL,NULL,'xYSDvJAkX1k45ffKEGyGq1k58i6car1IaCTAVx6W.jpeg',NULL,NULL,1,1,'2018-09-12 14:07:31','2018-09-12 14:07:31',NULL),(48,'39','عباية','abaya',0,0,0,0,1,55.00,1.00,NULL,NULL,'Beautiful abaya suitable for everyday use','عباية جميلة تصلح للاستعمال اليومى',NULL,NULL,'90KTFGmB8eP8IkI6kO02OlEWv5OpI3JPCSemDlGq.jpeg',NULL,NULL,1,1,'2018-09-12 14:17:41','2018-09-12 14:17:41',NULL),(49,'1610','عباية','abaya',0,0,0,0,1,75.00,1.00,NULL,NULL,'beautiful Abaya with handwork  Distinctive and unique','عبايه جميلة بها شغل يدوى مميز وفريد',NULL,NULL,'RB09Vo3mSnyH82654deDCu5MhCCC9fRqVkOdKfkR.jpeg',NULL,NULL,1,1,'2018-09-12 14:24:00','2018-09-12 14:24:00',NULL),(50,'1306','عباية','abaya',0,0,0,0,1,90.00,1.00,NULL,NULL,'fantastic Abaya with trousers for occasions','عباية مع بنطلون رائعة للمناسبات',NULL,NULL,'qMNq1HA22BwD4eI6EambDv3w8oKyhORrJMdgDxDD.jpeg',NULL,NULL,1,1,'2018-09-12 15:00:48','2018-09-12 15:00:48',NULL),(51,'109','عباية','abaya',0,0,0,0,1,60.00,1.00,NULL,NULL,'wonderful Abaya and distinctive suitable for everyday use','عباية رائعة ومميزة تصلح للاستعمال اليومى',NULL,NULL,'GNrDbMNW2QHhGBCeh8VGJJQgRGFtcif8JpMKkc6g.jpeg',NULL,NULL,1,1,'2018-09-12 15:05:22','2018-09-12 15:05:23',NULL),(52,'17','عباية','abaya',0,0,0,0,1,80.00,1.00,NULL,NULL,'Beautiful Abaya with unique fabric with Swarovski Crystal','عباية جميلة مع خامات مميزه مع كريستال سوارفيسكى',NULL,NULL,'LSTcSnMoDb0BKbvsLOlgKmMio4dc0JR17vM6rA7l.jpeg',NULL,NULL,1,1,'2018-09-12 15:20:32','2018-09-12 15:20:33',NULL),(53,'72','عباية','abaya',0,0,0,0,1,55.00,1.00,NULL,NULL,'beautiful  abaya with some handwork for more beayty','عباية رائعة مع بعض الشغل اليدوى لمزيد من التالق',NULL,NULL,'O1nAvbS8BYeWjPzkQWvTgxn5qbtwaFqc3bxGE2oF.jpeg',NULL,NULL,1,1,'2018-09-12 15:27:06','2018-09-15 13:00:46','2018-09-15 13:00:46'),(54,'72','عباية','abaya',0,0,0,0,1,55.00,1.00,NULL,NULL,'Abaya wonderful with some Handwork for more beauty','عباية رائعة مع بعض الشغل اليدوى لمزيد من التالق',NULL,NULL,'IQ2BTIkuf0k7F2Z2HiOoGsZRQR2ExvMHQO0uQ6ey.jpeg',NULL,NULL,1,1,'2018-09-12 15:28:53','2018-09-12 15:28:54',NULL),(55,'06','عباية','abaya',0,0,0,0,1,65.00,1.00,NULL,NULL,NULL,NULL,NULL,NULL,'txrtZS6PGsOXuM1okaki9egT8pGhttSsfiJRvcl6.jpeg',NULL,NULL,1,1,'2018-09-12 15:32:46','2018-09-12 15:39:48','2018-09-12 15:39:48'),(56,'65','عباية','abaya',0,0,0,0,1,50.00,1.00,NULL,NULL,'Beautiful abaya suitable for daily use','عباية جميلة تصلح للاستخدلم اليومى',NULL,NULL,'2M3QvjylHaIueuayaqUDzwfmJUi1MyKIUKHBDySl.jpeg',NULL,NULL,1,1,'2018-09-15 13:06:57','2018-09-15 13:06:58',NULL),(57,'62','عباية','abaya',0,0,0,0,1,55.00,1.00,NULL,NULL,'Beautiful abaya suitable for daily use','عباية جميلة تصلح للاستخدلم اليومى',NULL,NULL,'hknS0qEmcj4EaoliuX1dNYiJslgUUlvxwJYTnWmG.jpeg',NULL,NULL,1,1,'2018-09-15 14:17:31','2018-09-15 14:40:13',NULL),(58,'92','عباية','abaya',0,0,0,0,1,85.00,1.00,NULL,NULL,'Beautiful abaya suitable for occasions','عباية جميلة خاصة للمناسبات',NULL,NULL,'pROoPXa1CgEb01PYNY4p2r25aaMBd6k0v3pf97IF.jpeg',NULL,NULL,1,1,'2018-09-17 07:32:51','2018-09-17 07:32:51',NULL),(59,'73','عباية','abaya',0,0,0,0,1,55.00,1.00,NULL,NULL,'Modern abaya suitable for everyday use','عباية عصرية تصلح للاستخدام اليومى',NULL,NULL,'WvQlDOdVs7fAx2gzqnMuy59WPGGHzePBil9uQuAK.jpeg',NULL,NULL,1,1,'2018-09-17 07:37:18','2018-09-17 07:37:19',NULL),(60,'38','عباية','abaya',0,0,0,0,1,60.00,1.00,NULL,NULL,'beautiful Abaya and attractive suitable for all times and daily use','عباية جميلة وهادية تصلح لكل الاوقات والاستخدام اليومى',NULL,NULL,'VFzMZf13NQfOpW4tj714QeSRwebV5z8FXvA1W8Iy.jpeg',NULL,NULL,1,1,'2018-09-17 07:50:51','2018-09-17 07:50:52',NULL),(61,'53','عباية','abaya',0,0,0,0,1,50.00,1.00,NULL,NULL,'Beautiful abaya suitable for all times and daily use','عباية جميلة تصلح لكل الاوقات والاستخدام اليومى',NULL,NULL,'aolv89jR3CxB5oAApzLXxuGnRHwN9btHp6WNPFg5.jpeg',NULL,NULL,1,1,'2018-09-17 08:02:04','2018-09-17 08:02:04',NULL),(62,'1727','عباية','abaya',0,0,0,0,1,60.00,1.00,NULL,NULL,'Beautiful abaya suitable for all times and daily use','عباية جميلة تصلح لكل الاوقات والاستخدام اليومى',NULL,NULL,'u7pPA44i5zjcmqKtIkwH6GDAQymMcu6wNANqkFKc.jpeg',NULL,NULL,1,1,'2018-09-17 08:07:40','2018-09-17 08:07:41',NULL),(63,'77','عباية','abaya',0,0,0,0,1,65.00,1.00,NULL,NULL,'Beautiful abaya suitable for all times and daily use','عباية جميلة تصلح لكل الاوقات والاستخدام اليومى',NULL,NULL,'keYMuY7O2CvkmD2y2HIu7O19SWF3ahjn5CPs7wqL.jpeg',NULL,NULL,1,1,'2018-09-17 08:16:29','2018-09-17 08:16:30',NULL),(64,'1353','عباية','abaya',0,0,0,0,1,40.00,1.00,NULL,NULL,'Beautiful abaya suitable for all times and daily use','عباية جميلة تصلح لكل الاوقات والاستخدام اليومى',NULL,NULL,'acJQbmVM1eSQMItjKzZasuC24jhoAXWF0Zj2M7K2.jpeg',NULL,NULL,1,1,'2018-09-17 08:20:31','2018-09-17 08:20:31',NULL),(65,'1645','عباية','abaya',0,0,0,0,1,50.00,1.00,NULL,NULL,'Beautiful abaya suitable for all times and daily use','عباية جميلة تصلح لكل الاوقات والاستخدام اليومى',NULL,NULL,'uDePSJAH9SlqRl5LsA0DjFoa1gcpCsK3cDY7HHHj.jpeg',NULL,NULL,1,1,'2018-09-17 08:23:56','2018-09-17 08:23:57',NULL),(66,'116','عباية','abaya',0,0,0,0,1,70.00,1.00,NULL,NULL,'Beautiful Abaya with distinctive Jaker suitable for all times and daily use','عباية جميلة مع الجاكر المميز تصلح لكل الاوقات والاستخدام اليومى',NULL,NULL,'1cSmZLV4cZIlt5qY8PtmA0EXx4ZMl03mJ4wyMfHu.jpeg',NULL,NULL,1,1,'2018-09-17 08:28:02','2018-09-17 08:28:03',NULL),(67,'1660','عباية','abaya',0,0,0,0,1,60.00,1.00,NULL,NULL,'Beautiful Abaya with Special Jaker','عباية جميله مع الجاكر المميز',NULL,NULL,'SzbnHq8bIKzLWfH8liqWjKM0uhv96k4QmduGLlec.jpeg',NULL,NULL,1,1,'2018-09-24 08:40:01','2018-09-24 08:40:01',NULL),(68,'106','عباية','abaya',0,0,0,0,1,60.00,1.00,NULL,NULL,'Special Abaya  with some beautiful handwork','عباية مميزه مع بعض الشغل اليدوى الجميل',NULL,NULL,'FIVlBNcPiI34jbjSB3aHTerdacDw89RdrZ4OMTRE.jpeg',NULL,NULL,1,1,'2018-09-24 08:46:42','2018-09-24 08:46:43',NULL),(69,'57','عباية','abaya',0,0,0,0,1,50.00,1.00,NULL,NULL,'Wonderful abaya with some Distinctive work','عباية رائعة مع بعض الشغل المميز',NULL,NULL,'oJzpljFzNcFBHuQh2yjEMkTM4bEil52HxVwgQ0aj.jpeg',NULL,NULL,1,1,'2018-09-24 08:52:04','2018-09-24 08:52:04',NULL),(70,'1556','عباية','abaya',0,0,0,0,1,80.00,1.00,NULL,NULL,'Abaya Trousers with some distinctive work and Swarovski Crystal','بنطلون موديل مع بعض الشغل المميز والكريسال السوارفسكى',NULL,NULL,'MoTsOkMpNZDZ5lEQNqCcUXiG1n8fCoSCitA0TElB.jpeg',NULL,NULL,1,1,'2018-09-24 08:59:21','2018-09-24 08:59:21',NULL),(71,'1704','عباية','abaya',0,0,0,0,1,50.00,1.00,NULL,NULL,'Special Abaya with beautiful Jaker','عباية مميزة مع الجاكر الجميل',NULL,NULL,'gl0ptuDCT0V0esXKBWDuFJSgXovE32xPtnqrshXL.jpeg',NULL,NULL,1,1,'2018-09-24 09:03:52','2018-09-24 09:03:52',NULL),(72,'1584','عباية','abaya',0,0,0,0,1,50.00,1.00,NULL,NULL,'Beautiful Abaya with some Jaker consistent with Abaya in a beautiful way','عباية جميلة مع بعض الجاكر المتناسق مع العباية بشكل جميل',NULL,NULL,'40erCMOMTsatJRhvmm9EGqIxMc9mVHgjdVCncb13.jpeg',NULL,NULL,1,1,'2018-09-24 09:11:21','2018-09-24 09:11:21',NULL),(73,'70','عباية','abaya',0,0,0,0,1,65.00,1.00,NULL,NULL,'Beautiful Abaya with some distinctive handwork','عباية جميلة مع بعض الشغل اليدوى المميز',NULL,NULL,'iaRcAR018rAbvTw1NRrSN3bzm4Ix8sImmLwsPm6I.jpeg',NULL,NULL,1,1,'2018-09-24 09:14:50','2018-09-24 09:14:50',NULL),(74,'45','عباية','abaya',0,0,0,0,1,65.00,1.00,NULL,NULL,'Abaya special with some beautiful handwork','عباية مميزه مع بعض الشغل اليدوى الجميل',NULL,NULL,'YDJF7y2HzOghD50ha08KGNpjOqigKn1vOTt4EiRY.jpeg',NULL,NULL,1,1,'2018-09-24 12:27:18','2018-09-24 12:27:19',NULL),(75,'1707','عباية','abaya',0,0,0,0,1,55.00,1.00,NULL,NULL,'Beautiful abaya with some Special jaker','عباية جميلة مع بعض الجاكر المميز',NULL,NULL,'iobNljzQj4H45CSgsVoT8YtU9s2g1gRv2d6Y58Vb.jpeg',NULL,NULL,1,1,'2018-09-24 12:32:31','2018-09-24 12:32:32',NULL),(76,'1657','عباية','abaya',0,0,0,0,1,50.00,1.00,NULL,NULL,'Special Abaya  with some beautiful work','عباية مميزه مع بعض الشغل الجميل',NULL,NULL,'q1XOss9Wo8rGM5npqJxiO4tieyl8uZ8xrrph57LN.jpeg',NULL,NULL,1,1,'2018-09-24 12:41:37','2018-09-24 12:41:37',NULL),(77,'1664','عباية','abaya',0,0,0,0,1,55.00,1.00,NULL,NULL,'wonderful Abaya  with some work on the sides','عباية رائعة مع بعض الشغل على الجوانب',NULL,NULL,'yhszB8NV60R4RDvug8a2QQUwblrayoareRcVO6ju.jpeg',NULL,NULL,1,1,'2018-09-24 12:45:38','2018-09-24 12:45:39',NULL),(78,'37','عباية','abaya',0,0,0,0,1,60.00,1.00,NULL,NULL,'Beautiful abaya with some beautiful embroidery with some colored jaker','عباية جميلة مع بعض التطريز الجميل مع بعض الجاكر الملون',NULL,NULL,'vYFD68tIXDzrdtYGZkLIYzeKSWXOzlDsyze6U3J2.jpeg',NULL,NULL,1,1,'2018-09-25 12:22:23','2018-09-25 12:22:24',NULL),(79,'31','عباية','abaya',0,0,0,1,1,60.00,1.00,NULL,NULL,NULL,NULL,NULL,NULL,'uB7dNS67685mWKxc3uSwnxYJ6coGJCAjOMCAVBem.jpeg',NULL,NULL,1,1,'2018-09-25 12:25:57','2018-10-14 12:45:36',NULL),(80,'31','عباية','abaya',0,0,0,0,1,60.00,1.00,NULL,NULL,'Beautiful abaya with some beautiful embroidery with some colored jaker','عباية جميلة مع بعض التطريز الجميل مع بعض الجاكار الملون',NULL,NULL,'sj3LuzV5Sjl6kUVKhxwgyW2NGHqKAnAluprAFQAI.jpeg',NULL,NULL,1,1,'2018-09-25 12:26:05','2018-09-25 12:26:06',NULL),(81,'1519','عباية','abaya',0,0,0,0,1,70.00,1.00,NULL,NULL,'Beautiful Abaya with some distinctive handwork','عباية جميلة مع بعض الشغل اليدوى المميز',NULL,NULL,'uKymDQGIWied3RMtdfFr4eh2iI5s4NWlcEWl7ulC.jpeg',NULL,NULL,1,1,'2018-09-25 12:30:19','2018-09-25 12:30:20',NULL),(82,'74','عباية','abaya',0,0,0,0,1,65.00,1.00,NULL,NULL,'Beautiful abaya with some beautiful colored embroidery','عباية جميلة مع بعض التطريز الملون الجميل',NULL,NULL,'Xmo3vZZup4Ha44LnVCSlLkyqxvCqUwnVRmVCaBaM.jpeg',NULL,NULL,1,1,'2018-09-25 12:38:10','2018-09-25 12:38:10',NULL),(83,'183','عباية','abaya',0,0,0,0,1,65.00,1.00,NULL,NULL,'Beautiful Abaya with some colored jaker on it gives her beauty and magnificence','عبايه جميلة مع بعض الجاكر الملون عليها يعطيها جمال وروعة',NULL,NULL,'IoszLer7uvqs6UZaSPITHpCr5rmkCtehKsi3Jayu.jpeg',NULL,NULL,1,1,'2018-09-25 12:45:21','2018-09-25 12:45:21',NULL),(84,'124','عباية','abaya',0,0,0,0,1,65.00,1.00,NULL,NULL,'Beautiful abaya  with wonderful fabric  beige with black with beautiful handwork','عباية جميلة خام رائع بيج مع اسود مع بغض الشغل اليدوى',NULL,NULL,'3XDJZSHIgII7nI80xVdUBHiUu5EZhH3ZtJzlQnZ1.jpeg',NULL,NULL,1,1,'2018-09-25 13:02:08','2018-09-25 13:02:08',NULL),(85,'83','عباية','abaya',0,0,0,0,1,50.00,1.00,NULL,NULL,'Beautiful abaya with some beautiful work','عباية جميلة مع بعض الشغل الجميل',NULL,NULL,'9IUlWDadP0UymC9jsLVXDb8cqXq0ddQliZc5hqKF.jpeg',NULL,NULL,1,1,'2018-09-25 13:12:24','2018-09-25 13:12:24',NULL),(86,'91','عباية','abaya',0,0,0,0,1,50.00,1.00,NULL,NULL,'Beautiful abaya good for everyday use','عباية جميلة تصلح للاستخدام اليومى',NULL,NULL,'yMuOTpW8Azi9BKHG8yiZwGYFKmy6GqrrLmlhmVQs.jpeg',NULL,NULL,1,1,'2018-09-25 13:19:29','2018-09-25 13:19:29',NULL),(87,'86','عباية','abaya',0,0,0,0,1,55.00,1.00,NULL,NULL,'Beautiful Abaya with some beautiful handwork','عباية جميلة مع بعض الشغل اليدوى الجميل',NULL,NULL,'r9xnkBhc17I7QzNSpCuyWrjBZkoUnGiyLbjEID9V.jpeg',NULL,NULL,1,1,'2018-09-25 13:27:48','2018-09-25 13:27:48',NULL),(88,'125','عباية','abaya',0,0,0,0,1,65.00,1.00,NULL,NULL,'Beautiful Abaya with some beautiful handwork','عباية جميلة مع بعض الشغل اليدوى الجميل',NULL,NULL,'XqqIMffRNXEG6H5VLxfRXqfs4hlvWuWwhEf25viw.jpeg',NULL,NULL,1,1,'2018-09-25 13:32:12','2018-09-25 13:32:12',NULL),(89,'1687','عباية','abaya',0,0,0,0,1,65.00,1.00,NULL,NULL,'beautiful Abaya  with a distinctive and wonderful handwork','عباية جميله مع شغل يدوى مميز ورائع',NULL,NULL,'rI90WxgOXR4TQbEgQnql4FwwNVqhBnOm36QsoybK.jpeg',NULL,NULL,1,1,'2018-09-25 13:37:54','2018-09-25 13:37:54',NULL),(90,'120','عباية','abaya',0,0,0,0,1,55.00,1.00,NULL,NULL,'Beautiful abaya with some beautiful embroidery','عباية جميلة مع بعض شغل التطريز الجميل',NULL,NULL,'5GXkT23SqyRXqQjOiJxCUKQW5E8VtewuECTNybDx.jpeg',NULL,NULL,1,1,'2018-09-25 13:42:54','2018-09-25 13:42:54',NULL),(91,'1162','عباية','abaya',0,0,0,0,1,60.00,1.00,NULL,NULL,'Beautiful Abaya with handwork on all abaya','عباية جميلة مع الشغل اليدوى على كل العباية',NULL,NULL,'6KMSdsx8fKEngiTZ6XziOp7FB1wVAD9PNx5eUGwu.jpeg',NULL,NULL,1,1,'2018-09-25 13:47:07','2018-09-25 13:47:07',NULL),(92,'40','عباية','abaya',0,0,0,0,1,50.00,1.00,NULL,NULL,'Beautiful abaya suitable for everyday use','عباية جميلة تصلح للاستخدام اليومى',NULL,NULL,'pwSnCXPbw5sg9oBgNFWigmoHyVHoIxSOQIO7VQ4r.jpeg',NULL,NULL,1,1,'2018-09-25 13:51:23','2018-09-25 13:51:23',NULL),(93,'180','عباية','abaya',0,0,0,0,1,65.00,1.00,0.00,NULL,NULL,NULL,NULL,NULL,'s3kzBrDiXIxMgCULpYCxG3lEw6HjIqGEKyWHCIHI.jpeg',NULL,NULL,1,1,'2018-09-25 14:01:38','2018-10-12 23:15:47',NULL),(94,'181','عباية','abaya',0,0,0,0,1,50.00,1.00,NULL,NULL,'Beautiful abayas with fabric colored only for harayer','عباية جميلة مع بعض الخام الملون الخاص بحراير فقط',NULL,NULL,'qcskWSiJlhJbWWXHdaCdCi7IocKrmGxsI3CWcdiB.jpeg',NULL,NULL,1,1,'2018-09-25 14:06:46','2018-09-25 14:06:46',NULL),(95,'182','عباية','abaya',0,0,0,0,1,70.00,1.00,NULL,NULL,'Beautiful abaya with distinctive and beautiful fabric with beautiful handwork','عباية جميلة مع خام مميز وجميل مع الشغل اليدوى الجميل',NULL,NULL,'evI5bje0fGkgiHzN6GQjtBI3Knr8GtfUOyE9txTL.jpeg',NULL,NULL,1,1,'2018-09-25 14:11:06','2018-09-25 14:11:07',NULL),(96,'131','عباية','abaya',0,0,0,0,1,60.00,1.00,NULL,NULL,NULL,NULL,NULL,NULL,'4OI16yL4wd3jQDZE4lKcjLNZrMwwLr5ts9GVS0qK.jpeg',NULL,NULL,1,1,'2018-09-25 14:16:00','2018-10-16 11:45:42',NULL),(97,'0000000','تجربة','test',0,0,0,0,0,1.00,1.00,NULL,NULL,NULL,NULL,NULL,NULL,'FE3TkauGbCUpzRCEsataGt7kreuPDntDqmtBxKyM.jpeg',NULL,NULL,1,1,'2018-10-06 14:00:01','2018-10-06 14:00:01',NULL);
/*!40000 ALTER TABLE `products` ENABLE KEYS */;
UNLOCK TABLES;

--
-- Table structure for table `settings`
--

DROP TABLE IF EXISTS `settings`;
/*!40101 SET @saved_cs_client     = @@character_set_client */;
/*!40101 SET character_set_client = utf8 */;
CREATE TABLE `settings` (
  `id` int(10) unsigned NOT NULL AUTO_INCREMENT,
  `company_ar` varchar(255) COLLATE utf8mb4_unicode_ci DEFAULT NULL,
  `company_en` varchar(255) COLLATE utf8mb4_unicode_ci DEFAULT NULL,
  `address_ar` varchar(255) COLLATE utf8mb4_unicode_ci DEFAULT NULL,
  `address_en` varchar(255) COLLATE utf8mb4_unicode_ci DEFAULT NULL,
  `mobile` varchar(255) COLLATE utf8mb4_unicode_ci DEFAULT NULL,
  `phone` varchar(255) COLLATE utf8mb4_unicode_ci DEFAULT NULL,
  `country_ar` varchar(255) COLLATE utf8mb4_unicode_ci DEFAULT NULL,
  `country_en` varchar(255) COLLATE utf8mb4_unicode_ci DEFAULT NULL,
  `zipcode` int(11) DEFAULT NULL,
  `email` varchar(255) COLLATE utf8mb4_unicode_ci DEFAULT NULL,
  `youtube` varchar(255) COLLATE utf8mb4_unicode_ci DEFAULT NULL,
  `instagram` varchar(255) COLLATE utf8mb4_unicode_ci DEFAULT NULL,
  `facebook` varchar(255) COLLATE utf8mb4_unicode_ci DEFAULT NULL,
  `twitter` varchar(255) COLLATE utf8mb4_unicode_ci DEFAULT NULL,
  `whatsapp` varchar(255) COLLATE utf8mb4_unicode_ci DEFAULT NULL,
  `snapchat` varchar(255) COLLATE utf8mb4_unicode_ci DEFAULT NULL,
  `logo` varchar(255) COLLATE utf8mb4_unicode_ci DEFAULT NULL,
  `size_chart` varchar(255) COLLATE utf8mb4_unicode_ci DEFAULT NULL,
  `created_at` timestamp NULL DEFAULT NULL,
  `updated_at` timestamp NULL DEFAULT NULL,
  PRIMARY KEY (`id`)
) ENGINE=InnoDB AUTO_INCREMENT=2 DEFAULT CHARSET=utf8mb4 COLLATE=utf8mb4_unicode_ci;
/*!40101 SET character_set_client = @saved_cs_client */;

--
-- Dumping data for table `settings`
--

LOCK TABLES `settings` WRITE;
/*!40000 ALTER TABLE `settings` DISABLE KEYS */;
INSERT INTO `settings` VALUES (1,'لمسه حراير','LAMST HARAYER','الكويت - مجمع الافنيوز -مجمع الجيت مول- البيرق','kuwait','0096596967707','1838485','الكويت','kuwait',5,'info@harayer7.com','//www.youtube.com/channel/UCPYSeTNRGsFDFrwoN9aI4WA','harayer7','harayer7','harayer7','0096596967707','add/harayer7','W5me2cCGI0mHXIo3POgHxSP6vofH5C0GzCFnp9Pd.png','10.jpg','2018-08-20 01:34:28','2018-10-04 13:41:28');
/*!40000 ALTER TABLE `settings` ENABLE KEYS */;
UNLOCK TABLES;

--
-- Table structure for table `shipment_packages`
--

DROP TABLE IF EXISTS `shipment_packages`;
/*!40101 SET @saved_cs_client     = @@character_set_client */;
/*!40101 SET character_set_client = utf8 */;
CREATE TABLE `shipment_packages` (
  `id` int(10) unsigned NOT NULL AUTO_INCREMENT,
  `name` varchar(255) COLLATE utf8mb4_unicode_ci DEFAULT NULL,
  `slug_ar` varchar(255) COLLATE utf8mb4_unicode_ci DEFAULT NULL,
  `slug_en` varchar(255) COLLATE utf8mb4_unicode_ci DEFAULT NULL,
  `charge` decimal(8,2) unsigned NOT NULL,
  `active` tinyint(1) NOT NULL DEFAULT '1',
  `is_local` tinyint(1) NOT NULL DEFAULT '0',
  `created_at` timestamp NULL DEFAULT NULL,
  `updated_at` timestamp NULL DEFAULT NULL,
  PRIMARY KEY (`id`)
) ENGINE=InnoDB AUTO_INCREMENT=5 DEFAULT CHARSET=utf8mb4 COLLATE=utf8mb4_unicode_ci;
/*!40101 SET character_set_client = @saved_cs_client */;

--
-- Dumping data for table `shipment_packages`
--

LOCK TABLES `shipment_packages` WRITE;
/*!40000 ALTER TABLE `shipment_packages` DISABLE KEYS */;
INSERT INTO `shipment_packages` VALUES (1,'الشحن للدول العربية','الشحن للدول العربية','Shipping to Arab countries',5.00,1,0,'2018-08-20 01:34:29','2018-10-11 13:58:06'),(2,'التوصيل داخل الكويت','التوصيل داخل الكويت','Delivery inside Kuwait',3.00,1,0,'2018-08-20 01:34:29','2018-10-13 11:39:31'),(3,'الشحن للدول الاخرى','الشحن للدول الاخرى','Shipping to other countries',10.00,1,0,'2018-08-20 01:34:29','2018-10-13 11:39:24'),(4,'الاستلام باحد الافرع','الاستلام باحد الافرع','Receipt in one of the branches',0.00,1,1,'2018-10-06 14:50:20','2018-10-06 14:50:20');
/*!40000 ALTER TABLE `shipment_packages` ENABLE KEYS */;
UNLOCK TABLES;

--
-- Table structure for table `shoppingcart`
--

DROP TABLE IF EXISTS `shoppingcart`;
/*!40101 SET @saved_cs_client     = @@character_set_client */;
/*!40101 SET character_set_client = utf8 */;
CREATE TABLE `shoppingcart` (
  `identifier` varchar(255) COLLATE utf8mb4_unicode_ci NOT NULL,
  `instance` varchar(255) COLLATE utf8mb4_unicode_ci NOT NULL,
  `content` longtext COLLATE utf8mb4_unicode_ci NOT NULL,
  `created_at` timestamp NULL DEFAULT NULL,
  `updated_at` timestamp NULL DEFAULT NULL,
  PRIMARY KEY (`identifier`,`instance`)
) ENGINE=InnoDB DEFAULT CHARSET=utf8mb4 COLLATE=utf8mb4_unicode_ci;
/*!40101 SET character_set_client = @saved_cs_client */;

--
-- Dumping data for table `shoppingcart`
--

LOCK TABLES `shoppingcart` WRITE;
/*!40000 ALTER TABLE `shoppingcart` DISABLE KEYS */;
/*!40000 ALTER TABLE `shoppingcart` ENABLE KEYS */;
UNLOCK TABLES;

--
-- Table structure for table `sizes`
--

DROP TABLE IF EXISTS `sizes`;
/*!40101 SET @saved_cs_client     = @@character_set_client */;
/*!40101 SET character_set_client = utf8 */;
CREATE TABLE `sizes` (
  `id` int(10) unsigned NOT NULL AUTO_INCREMENT,
  `name_ar` varchar(255) COLLATE utf8mb4_unicode_ci NOT NULL,
  `name_en` varchar(255) COLLATE utf8mb4_unicode_ci NOT NULL,
  `active` tinyint(1) NOT NULL DEFAULT '1',
  `created_at` timestamp NULL DEFAULT NULL,
  `updated_at` timestamp NULL DEFAULT NULL,
  `deleted_at` timestamp NULL DEFAULT NULL,
  PRIMARY KEY (`id`)
) ENGINE=InnoDB AUTO_INCREMENT=5 DEFAULT CHARSET=utf8mb4 COLLATE=utf8mb4_unicode_ci;
/*!40101 SET character_set_client = @saved_cs_client */;

--
-- Dumping data for table `sizes`
--

LOCK TABLES `sizes` WRITE;
/*!40000 ALTER TABLE `sizes` DISABLE KEYS */;
INSERT INTO `sizes` VALUES (1,'X LARGE-60-XL','X LARGE-60- XL',1,'2018-08-20 01:34:29','2018-09-11 09:33:12',NULL),(2,'LARGE-58- L','LARGE-58- L',1,'2018-08-20 01:34:29','2018-09-10 15:58:00',NULL),(3,'MEDIUM- 56 - M','MEDIUM-56-M',1,'2018-08-20 01:34:29','2018-09-17 16:19:50',NULL),(4,'FREE SIZE','FREE SIZE',1,'2018-09-10 15:58:58','2018-09-10 15:58:58',NULL);
/*!40000 ALTER TABLE `sizes` ENABLE KEYS */;
UNLOCK TABLES;

--
-- Table structure for table `sliders`
--

DROP TABLE IF EXISTS `sliders`;
/*!40101 SET @saved_cs_client     = @@character_set_client */;
/*!40101 SET character_set_client = utf8 */;
CREATE TABLE `sliders` (
  `id` int(10) unsigned NOT NULL AUTO_INCREMENT,
  `image` varchar(255) COLLATE utf8mb4_unicode_ci DEFAULT NULL,
  `url` varchar(255) COLLATE utf8mb4_unicode_ci DEFAULT NULL,
  `caption_en` varchar(255) COLLATE utf8mb4_unicode_ci DEFAULT NULL,
  `caption_ar` varchar(255) COLLATE utf8mb4_unicode_ci DEFAULT NULL,
  `active` tinyint(1) NOT NULL DEFAULT '1',
  `order` int(11) DEFAULT NULL,
  `created_at` timestamp NULL DEFAULT NULL,
  `updated_at` timestamp NULL DEFAULT NULL,
  `deleted_at` timestamp NULL DEFAULT NULL,
  PRIMARY KEY (`id`)
) ENGINE=InnoDB AUTO_INCREMENT=9 DEFAULT CHARSET=utf8mb4 COLLATE=utf8mb4_unicode_ci;
/*!40101 SET character_set_client = @saved_cs_client */;

--
-- Dumping data for table `sliders`
--

LOCK TABLES `sliders` WRITE;
/*!40000 ALTER TABLE `sliders` DISABLE KEYS */;
INSERT INTO `sliders` VALUES (1,'mmtzFicr0rcGdeHaTOlQm1pmbz8e95OMoDKaQZMk.jpeg','//hartmann.info/sunt-omnis-ratione-rerum-nam-est-placeat.html','Miss Rylee Heller','Raven Hansen',1,10,'2018-08-20 01:34:29','2018-10-13 14:52:32',NULL),(2,'hH7SrZ5wY8KWgln0VfKySGRcbRaHfBtLj7mAvmus.jpeg','//dubuque.net/consequatur-facere-impedit-officiis-impedit-qui-at.html','Miss Ashtyn Heathcote','Marcellus Sipes',1,7,'2018-08-20 01:34:29','2018-10-13 14:03:18',NULL),(3,'eaiZlK9mYx7xYENn6MsqYhZMJ32QnjMbMn4pSU3d.jpeg',NULL,NULL,NULL,1,NULL,'2018-10-13 14:07:43','2018-10-13 14:16:41',NULL),(4,'qJc1HCmsUaCLj7MkElxD9sNcx00oSUStoCLnvCAj.jpeg',NULL,NULL,NULL,1,NULL,'2018-10-13 14:07:56','2018-10-13 14:21:34',NULL),(5,'XuOI7Octh6ROIJxuQ5F6mloZCuzgN5OPZN3H4nj7.jpeg',NULL,NULL,NULL,1,NULL,'2018-10-13 14:08:06','2018-10-13 14:08:06',NULL),(6,'wWavZyQYZi8keLShsPEggM3kGecRzVrm6OSfxgWV.jpeg',NULL,NULL,NULL,1,NULL,'2018-10-13 14:08:19','2018-10-13 14:08:19',NULL),(7,'pJPVnAS5CRw0HOZQchCayLK6jt3UfwBG21AMdhTM.jpeg',NULL,NULL,NULL,1,NULL,'2018-10-13 14:08:30','2018-10-13 14:08:31',NULL),(8,'wSI64a4Iyf1q2viVnUklkpegTDRHzyLFjRzEtbW2.jpeg',NULL,NULL,NULL,1,NULL,'2018-10-13 14:46:35','2018-10-13 14:46:36',NULL);
/*!40000 ALTER TABLE `sliders` ENABLE KEYS */;
UNLOCK TABLES;

--
-- Table structure for table `tags`
--

DROP TABLE IF EXISTS `tags`;
/*!40101 SET @saved_cs_client     = @@character_set_client */;
/*!40101 SET character_set_client = utf8 */;
CREATE TABLE `tags` (
  `id` int(10) unsigned NOT NULL AUTO_INCREMENT,
  `name` varchar(255) COLLATE utf8mb4_unicode_ci DEFAULT NULL,
  `slug_ar` varchar(255) COLLATE utf8mb4_unicode_ci DEFAULT NULL,
  `slug_en` varchar(255) COLLATE utf8mb4_unicode_ci DEFAULT NULL,
  `active` tinyint(1) NOT NULL DEFAULT '1',
  `created_at` timestamp NULL DEFAULT NULL,
  `updated_at` timestamp NULL DEFAULT NULL,
  PRIMARY KEY (`id`)
) ENGINE=InnoDB AUTO_INCREMENT=19 DEFAULT CHARSET=utf8mb4 COLLATE=utf8mb4_unicode_ci;
/*!40101 SET character_set_client = @saved_cs_client */;

--
-- Dumping data for table `tags`
--

LOCK TABLES `tags` WRITE;
/*!40000 ALTER TABLE `tags` DISABLE KEYS */;
INSERT INTO `tags` VALUES (1,'amet','pariatur','dolorem',1,'2018-08-20 01:34:30','2018-08-20 01:34:30'),(2,'abaya','#abaya','#abaya',1,'2018-08-27 14:35:34','2018-08-27 14:35:34'),(3,'فاشن','فاشن','fashion',1,'2018-09-06 07:48:41','2018-09-06 07:48:41'),(4,'عبايتى','عبايتى','abayte',1,'2018-09-06 07:49:09','2018-09-06 07:49:09'),(5,'خليجى','خليجى','khalage',1,'2018-09-06 07:51:06','2018-09-06 07:51:06'),(6,'مناسبات','مناسبات','monasabet',1,'2018-09-06 07:51:41','2018-09-06 07:51:41'),(7,'حراير','حراير','harayer',1,'2018-09-06 07:52:12','2018-09-06 07:52:12'),(8,'نسائى','نسائى','ladye',1,'2018-09-06 07:52:37','2018-09-06 07:52:37'),(9,'موضه','موضه','mode',1,'2018-09-06 07:53:16','2018-09-06 07:53:16'),(10,'ابداع','ابداع','creative',1,'2018-09-06 08:01:36','2018-09-06 08:01:36'),(11,'جميل','جميل','beauty',1,'2018-09-06 08:02:27','2018-09-06 08:02:27'),(12,'الخليج','الخليج','golf',1,'2018-09-06 08:12:53','2018-09-06 08:12:53'),(13,'انوثة','انوثة','Femininity',1,'2018-09-06 08:13:52','2018-09-06 08:13:52'),(14,'راقى','راقى','Elegant',1,'2018-09-06 08:14:26','2018-09-06 08:14:26'),(15,'عصرى','عصرى','modern',1,'2018-09-06 08:14:51','2018-09-06 08:14:51'),(16,'الكويت','الكويت','kuwait',1,'2018-09-06 08:15:35','2018-09-06 08:15:35'),(17,'جمال','جمال','Beauty',1,'2018-09-06 08:16:51','2018-09-06 08:16:51'),(18,'ملون','ملون','Colored',1,'2018-09-06 08:17:29','2018-09-06 08:17:29');
/*!40000 ALTER TABLE `tags` ENABLE KEYS */;
UNLOCK TABLES;

--
-- Table structure for table `terms`
--

DROP TABLE IF EXISTS `terms`;
/*!40101 SET @saved_cs_client     = @@character_set_client */;
/*!40101 SET character_set_client = utf8 */;
CREATE TABLE `terms` (
  `id` int(10) unsigned NOT NULL AUTO_INCREMENT,
  `title_ar` varchar(255) COLLATE utf8mb4_unicode_ci NOT NULL,
  `title_en` varchar(255) COLLATE utf8mb4_unicode_ci NOT NULL,
  `content_ar` text COLLATE utf8mb4_unicode_ci NOT NULL,
  `content_en` text COLLATE utf8mb4_unicode_ci NOT NULL,
  `created_at` timestamp NULL DEFAULT NULL,
  `updated_at` timestamp NULL DEFAULT NULL,
  PRIMARY KEY (`id`)
) ENGINE=InnoDB AUTO_INCREMENT=2 DEFAULT CHARSET=utf8mb4 COLLATE=utf8mb4_unicode_ci;
/*!40101 SET character_set_client = @saved_cs_client */;

--
-- Dumping data for table `terms`
--

LOCK TABLES `terms` WRITE;
/*!40000 ALTER TABLE `terms` DISABLE KEYS */;
INSERT INTO `terms` VALUES (1,'Mason Maggio','Tyrique Feeney','Tempora cumque consequatur rem numquam et. Quos esse beatae eligendi quisquam quam quo. Quasi quam illum adipisci debitis rerum.','Tempora quibusdam ullam consequatur cupiditate sit. Ex quidem saepe doloribus numquam sed magni voluptatibus. Qui minus dicta consequatur ut id exercitationem.','2018-08-20 01:34:29','2018-08-20 01:34:29');
/*!40000 ALTER TABLE `terms` ENABLE KEYS */;
UNLOCK TABLES;

--
-- Table structure for table `users`
--

DROP TABLE IF EXISTS `users`;
/*!40101 SET @saved_cs_client     = @@character_set_client */;
/*!40101 SET character_set_client = utf8 */;
CREATE TABLE `users` (
  `id` int(10) unsigned NOT NULL AUTO_INCREMENT,
  `name` varchar(255) COLLATE utf8mb4_unicode_ci NOT NULL,
  `email` varchar(255) COLLATE utf8mb4_unicode_ci NOT NULL,
  `password` varchar(255) COLLATE utf8mb4_unicode_ci NOT NULL,
  `mobile` varchar(255) COLLATE utf8mb4_unicode_ci DEFAULT NULL,
  `avatar` varchar(255) COLLATE utf8mb4_unicode_ci DEFAULT NULL,
  `phone` varchar(255) COLLATE utf8mb4_unicode_ci DEFAULT NULL,
  `address` varchar(255) COLLATE utf8mb4_unicode_ci DEFAULT NULL,
  `area` varchar(255) COLLATE utf8mb4_unicode_ci DEFAULT NULL,
  `block` varchar(255) COLLATE utf8mb4_unicode_ci DEFAULT NULL,
  `street` varchar(255) COLLATE utf8mb4_unicode_ci DEFAULT NULL,
  `building` varchar(255) COLLATE utf8mb4_unicode_ci DEFAULT NULL,
  `floor` varchar(255) COLLATE utf8mb4_unicode_ci DEFAULT NULL,
  `apartment` varchar(255) COLLATE utf8mb4_unicode_ci DEFAULT NULL,
  `country` varchar(255) COLLATE utf8mb4_unicode_ci DEFAULT NULL,
  `active` tinyint(1) NOT NULL DEFAULT '1',
  `api_token` varchar(255) COLLATE utf8mb4_unicode_ci DEFAULT NULL,
  `remember_token` varchar(100) COLLATE utf8mb4_unicode_ci DEFAULT NULL,
  `deleted_at` timestamp NULL DEFAULT NULL,
  `created_at` timestamp NULL DEFAULT NULL,
  `updated_at` timestamp NULL DEFAULT NULL,
  PRIMARY KEY (`id`),
  UNIQUE KEY `users_email_unique` (`email`)
) ENGINE=InnoDB AUTO_INCREMENT=4 DEFAULT CHARSET=utf8mb4 COLLATE=utf8mb4_unicode_ci;
/*!40101 SET character_set_client = @saved_cs_client */;

--
-- Dumping data for table `users`
--

LOCK TABLES `users` WRITE;
/*!40000 ALTER TABLE `users` DISABLE KEYS */;
INSERT INTO `users` VALUES (1,'Trevor Schmidt','nbauch@example.net','$2y$10$TKh8H1.PfQx37YgCzwiKb.KjNyWgaHb9cbcoQgdIVFlYg7B77UdFm','94120774','6.jpg','94120774','kuwait-farwinye','farwinya',NULL,NULL,NULL,NULL,NULL,'Kuwait',1,'351917812','jCNaBk4uMQ2MuwusvchZkBKyBfhFWssl5MtMfyHD5u5p96YKYNcEv2AiFp8h',NULL,'2018-08-20 01:34:29','2018-10-16 11:50:54'),(2,'Lorine McClure','dmertz@example.net','$2y$10$TKh8H1.PfQx37YgCzwiKb.KjNyWgaHb9cbcoQgdIVFlYg7B77UdFm','9581481716258365','6.jpg','63665044','29369 Terrill Isle Suite 987\nEast Altheaport, NV 30779','Muller Key','9','Edmond Center','2','9','Earnest Cremin','Papua New Guinea',1,'5551566232','IFwSyH1p0g','2018-08-25 15:24:42','2018-08-20 01:34:29','2018-08-25 15:24:42'),(3,'Brandy DuBuque I','arvid.brekke@example.net','$2y$10$TKh8H1.PfQx37YgCzwiKb.KjNyWgaHb9cbcoQgdIVFlYg7B77UdFm','41234792','6.jpg','3625111','3667 Jermaine Key\nLeoside, MS 38771-0302','Carley Expressway','1','Beaulah Mills','4','8','Uriel Hoeger','British Virgin Islands',1,'47234307541','9pEQyMjW6k','2018-08-25 15:24:36','2018-08-20 01:34:29','2018-08-25 15:24:36');
/*!40000 ALTER TABLE `users` ENABLE KEYS */;
UNLOCK TABLES;
/*!40103 SET TIME_ZONE=@OLD_TIME_ZONE */;

/*!40101 SET SQL_MODE=@OLD_SQL_MODE */;
/*!40014 SET FOREIGN_KEY_CHECKS=@OLD_FOREIGN_KEY_CHECKS */;
/*!40014 SET UNIQUE_CHECKS=@OLD_UNIQUE_CHECKS */;
/*!40101 SET CHARACTER_SET_CLIENT=@OLD_CHARACTER_SET_CLIENT */;
/*!40101 SET CHARACTER_SET_RESULTS=@OLD_CHARACTER_SET_RESULTS */;
/*!40101 SET COLLATION_CONNECTION=@OLD_COLLATION_CONNECTION */;
/*!40111 SET SQL_NOTES=@OLD_SQL_NOTES */;

-- Dump completed on 2018-10-17 11:07:26
